concentration_id,sample_id,site_id,metal,value,unit,detect_flag,detection_limit,analytical_method,lab_id,qa_flag,notes
MC-00001,GHSED-001-C01,GHSED-001,As,53.7,mg/kg,1,0.5,ICP-MS,SIM-LAB-GH-01,warning,Field measurement
MC-00002,GHSED-001-C01,GHSED-001,Cd,0.58,mg/kg,1,0.02,ICP-MS,SIM-LAB-GH-01,pass,Field measurement
MC-00003,GHSED-001-C01,GHSED-001,Cr,110.5,mg/kg,1,1,ICP-OES,SIM-LAB-GH-01,pass,Field measurement
MC-00004,GHSED-001-C01,GHSED-001,Cu,57.2,mg/kg,1,0.5,ICP-OES,SIM-LAB-GH-01,pass,Field measurement
MC-00005,GHSED-001-C01,GHSED-001,Hg,0.494,mg/kg,1,0.005,ICP-MS,SIM-LAB-GH-01,pass,Field measurement
MC-00006,GHSED-001-C01,GHSED-001,Ni,97.5,mg/kg,1,0.8,ICP-OES,SIM-LAB-GH-01,pass,Field measurement
MC-00007,GHSED-001-C01,GHSED-001,Pb,36.2,mg/kg,1,0.5,ICP-MS,SIM-LAB-GH-01,pass,Field measurement
MC-00008,GHSED-001-C01,GHSED-001,Zn,132.4,mg/kg,1,1,ICP-OES,SIM-LAB-GH-01,pass,Field measurement
MC-00009,GHSED-001-C01,GHSED-001,Mn,1007.7,mg/kg,1,5,ICP-OES,SIM-LAB-GH-01,pass,Field measurement
MC-00010,GHSED-001-C01,GHSED-001,Fe,34193,mg/kg,1,50,ICP-OES,SIM-LAB-GH-01,pass,Field measurement
MC-00011,GHSED-001-C01,GHSED-001,Al,67668,mg/kg,1,50,ICP-OES,SIM-LAB-GH-01,pass,Field measurement
MC-00012,GHSED-001-C02,GHSED-001,As,40,mg/kg,1,0.5,ICP-MS,SIM-LAB-GH-02,pass,Field measurement
MC-00013,GHSED-001-C02,GHSED-001,Cd,0.71,mg/kg,1,0.02,ICP-MS,SIM-LAB-GH-02,warning,Field measurement
MC-00014,GHSED-001-C02,GHSED-001,Cr,106.8,mg/kg,1,1,ICP-OES,SIM-LAB-GH-02,pass,Field measurement
MC-00015,GHSED-001-C02,GHSED-001,Cu,106.6,mg/kg,1,0.5,ICP-OES,SIM-LAB-GH-02,pass,Field measurement
MC-00016,GHSED-001-C02,GHSED-001,Hg,0.475,mg/kg,1,0.005,ICP-MS,SIM-LAB-GH-02,pass,Field measurement
MC-00017,GHSED-001-C02,GHSED-001,Ni,92.5,mg/kg,1,0.8,ICP-OES,SIM-LAB-GH-02,pass,Field measurement
MC-00018,GHSED-001-C02,GHSED-001,Pb,37.7,mg/kg,1,0.5,ICP-MS,SIM-LAB-GH-02,pass,Field measurement
MC-00019,GHSED-001-C02,GHSED-001,Zn,183,mg/kg,1,1,ICP-OES,SIM-LAB-GH-02,pass,Field measurement
MC-00020,GHSED-001-C02,GHSED-001,Mn,907.8,mg/kg,1,5,ICP-OES,SIM-LAB-GH-02,pass,Field measurement
MC-00021,GHSED-001-C02,GHSED-001,Fe,44086,mg/kg,1,50,ICP-OES,SIM-LAB-GH-02,pass,Field measurement
MC-00022,GHSED-001-C02,GHSED-001,Al,72204,mg/kg,1,50,ICP-OES,SIM-LAB-GH-02,pass,Field measurement
MC-00023,GHSED-002-C01,GHSED-002,As,35.3,mg/kg,1,0.5,ICP-MS,SIM-LAB-GH-01,pass,Field measurement
MC-00024,GHSED-002-C01,GHSED-002,Cd,0.92,mg/kg,1,0.02,ICP-MS,SIM-LAB-GH-01,pass,Field measurement
MC-00025,GHSED-002-C01,GHSED-002,Cr,91.5,mg/kg,1,1,ICP-OES,SIM-LAB-GH-01,pass,Field measurement
MC-00026,GHSED-002-C01,GHSED-002,Cu,60.9,mg/kg,1,0.5,ICP-OES,SIM-LAB-GH-01,pass,Field measurement
MC-00027,GHSED-002-C01,GHSED-002,Hg,0.525,mg/kg,1,0.005,ICP-MS,SIM-LAB-GH-01,pass,Field measurement
MC-00028,GHSED-002-C01,GHSED-002,Ni,85.3,mg/kg,1,0.8,ICP-OES,SIM-LAB-GH-01,pass,Field measurement
MC-00029,GHSED-002-C01,GHSED-002,Pb,33.6,mg/kg,1,0.5,ICP-MS,SIM-LAB-GH-01,pass,Field measurement
MC-00030,GHSED-002-C01,GHSED-002,Zn,147.2,mg/kg,1,1,ICP-OES,SIM-LAB-GH-01,pass,Field measurement
MC-00031,GHSED-002-C01,GHSED-002,Mn,767.8,mg/kg,1,5,ICP-OES,SIM-LAB-GH-01,pass,Field measurement
MC-00032,GHSED-002-C01,GHSED-002,Fe,44922,mg/kg,1,50,ICP-OES,SIM-LAB-GH-01,pass,Field measurement
MC-00033,GHSED-002-C01,GHSED-002,Al,76084,mg/kg,1,50,ICP-OES,SIM-LAB-GH-01,pass,Field measurement
MC-00034,GHSED-002-C02,GHSED-002,As,55.4,mg/kg,1,0.5,ICP-MS,SIM-LAB-GH-02,pass,Field measurement
MC-00035,GHSED-002-C02,GHSED-002,Cd,0.65,mg/kg,1,0.02,ICP-MS,SIM-LAB-GH-02,pass,Field measurement
MC-00036,GHSED-002-C02,GHSED-002,Cr,161,mg/kg,1,1,ICP-OES,SIM-LAB-GH-02,pass,Field measurement
MC-00037,GHSED-002-C02,GHSED-002,Cu,84.8,mg/kg,1,0.5,ICP-OES,SIM-LAB-GH-02,pass,Field measurement
MC-00038,GHSED-002-C02,GHSED-002,Hg,0.368,mg/kg,1,0.005,ICP-MS,SIM-LAB-GH-02,pass,Field measurement
MC-00039,GHSED-002-C02,GHSED-002,Ni,96.2,mg/kg,1,0.8,ICP-OES,SIM-LAB-GH-02,pass,Field measurement
MC-00040,GHSED-002-C02,GHSED-002,Pb,30.3,mg/kg,1,0.5,ICP-MS,SIM-LAB-GH-02,pass,Field measurement
MC-00041,GHSED-002-C02,GHSED-002,Zn,125.3,mg/kg,1,1,ICP-OES,SIM-LAB-GH-02,pass,Field measurement
MC-00042,GHSED-002-C02,GHSED-002,Mn,888.3,mg/kg,1,5,ICP-OES,SIM-LAB-GH-02,pass,Field measurement
MC-00043,GHSED-002-C02,GHSED-002,Fe,46636,mg/kg,1,50,ICP-OES,SIM-LAB-GH-02,pass,Field measurement
MC-00044,GHSED-002-C02,GHSED-002,Al,77923,mg/kg,1,50,ICP-OES,SIM-LAB-GH-02,pass,Field measurement
MC-00045,GHSED-003-C01,GHSED-003,As,38.4,mg/kg,1,0.5,ICP-MS,SIM-LAB-GH-01,pass,Field measurement
MC-00046,GHSED-003-C01,GHSED-003,Cd,0.52,mg/kg,1,0.02,ICP-MS,SIM-LAB-GH-01,pass,Field measurement
MC-00047,GHSED-003-C01,GHSED-003,Cr,105.5,mg/kg,1,1,ICP-OES,SIM-LAB-GH-01,pass,Field measurement
MC-00048,GHSED-003-C01,GHSED-003,Cu,69.8,mg/kg,1,0.5,ICP-OES,SIM-LAB-GH-01,pass,Field measurement
MC-00049,GHSED-003-C01,GHSED-003,Hg,0.247,mg/kg,1,0.005,ICP-MS,SIM-LAB-GH-01,pass,Field measurement
MC-00050,GHSED-003-C01,GHSED-003,Ni,96.3,mg/kg,1,0.8,ICP-OES,SIM-LAB-GH-01,pass,Field measurement
MC-00051,GHSED-003-C01,GHSED-003,Pb,42.4,mg/kg,1,0.5,ICP-MS,SIM-LAB-GH-01,pass,Field measurement
MC-00052,GHSED-003-C01,GHSED-003,Zn,138.2,mg/kg,1,1,ICP-OES,SIM-LAB-GH-01,pass,Field measurement
MC-00053,GHSED-003-C01,GHSED-003,Mn,804.7,mg/kg,1,5,ICP-OES,SIM-LAB-GH-01,pass,Field measurement
MC-00054,GHSED-003-C01,GHSED-003,Fe,37167,mg/kg,1,50,ICP-OES,SIM-LAB-GH-01,pass,Field measurement
MC-00055,GHSED-003-C01,GHSED-003,Al,69462,mg/kg,1,50,ICP-OES,SIM-LAB-GH-01,pass,Field measurement
MC-00056,GHSED-003-C02,GHSED-003,As,39.6,mg/kg,1,0.5,ICP-MS,SIM-LAB-GH-02,pass,Field measurement
MC-00057,GHSED-003-C02,GHSED-003,Cd,0.62,mg/kg,1,0.02,ICP-MS,SIM-LAB-GH-02,pass,Field measurement
MC-00058,GHSED-003-C02,GHSED-003,Cr,168.7,mg/kg,1,1,ICP-OES,SIM-LAB-GH-02,pass,Field measurement
MC-00059,GHSED-003-C02,GHSED-003,Cu,117.6,mg/kg,1,0.5,ICP-OES,SIM-LAB-GH-02,pass,Field measurement
MC-00060,GHSED-003-C02,GHSED-003,Hg,0.332,mg/kg,1,0.005,ICP-MS,SIM-LAB-GH-02,pass,Field measurement
MC-00061,GHSED-003-C02,GHSED-003,Ni,100.4,mg/kg,1,0.8,ICP-OES,SIM-LAB-GH-02,pass,Field measurement
MC-00062,GHSED-003-C02,GHSED-003,Pb,37.8,mg/kg,1,0.5,ICP-MS,SIM-LAB-GH-02,pass,Field measurement
MC-00063,GHSED-003-C02,GHSED-003,Zn,115.6,mg/kg,1,1,ICP-OES,SIM-LAB-GH-02,pass,Field measurement
MC-00064,GHSED-003-C02,GHSED-003,Mn,766.5,mg/kg,1,5,ICP-OES,SIM-LAB-GH-02,pass,Field measurement
MC-00065,GHSED-003-C02,GHSED-003,Fe,31747,mg/kg,1,50,ICP-OES,SIM-LAB-GH-02,pass,Field measurement
MC-00066,GHSED-003-C02,GHSED-003,Al,78050,mg/kg,1,50,ICP-OES,SIM-LAB-GH-02,pass,Field measurement
MC-00067,GHSED-004-C01,GHSED-004,As,41.9,mg/kg,1,0.5,ICP-MS,SIM-LAB-GH-01,pass,Field measurement
MC-00068,GHSED-004-C01,GHSED-004,Cd,0.68,mg/kg,1,0.02,ICP-MS,SIM-LAB-GH-01,pass,Field measurement
MC-00069,GHSED-004-C01,GHSED-004,Cr,128.3,mg/kg,1,1,ICP-OES,SIM-LAB-GH-01,pass,Field measurement
MC-00070,GHSED-004-C01,GHSED-004,Cu,75.3,mg/kg,1,0.5,ICP-OES,SIM-LAB-GH-01,pass,Field measurement
MC-00071,GHSED-004-C01,GHSED-004,Hg,0.308,mg/kg,1,0.005,ICP-MS,SIM-LAB-GH-01,pass,Field measurement
MC-00072,GHSED-004-C01,GHSED-004,Ni,81.3,mg/kg,1,0.8,ICP-OES,SIM-LAB-GH-01,pass,Field measurement
MC-00073,GHSED-004-C01,GHSED-004,Pb,23.1,mg/kg,1,0.5,ICP-MS,SIM-LAB-GH-01,pass,Field measurement
MC-00074,GHSED-004-C01,GHSED-004,Zn,139.4,mg/kg,1,1,ICP-OES,SIM-LAB-GH-01,pass,Field measurement
MC-00075,GHSED-004-C01,GHSED-004,Mn,798.2,mg/kg,1,5,ICP-OES,SIM-LAB-GH-01,pass,Field measurement
MC-00076,GHSED-004-C01,GHSED-004,Fe,48626,mg/kg,1,50,ICP-OES,SIM-LAB-GH-01,pass,Field measurement
MC-00077,GHSED-004-C01,GHSED-004,Al,66227,mg/kg,1,50,ICP-OES,SIM-LAB-GH-01,pass,Field measurement
MC-00078,GHSED-004-C02,GHSED-004,As,52.8,mg/kg,1,0.5,ICP-MS,SIM-LAB-GH-02,pass,Field measurement
MC-00079,GHSED-004-C02,GHSED-004,Cd,1.43,mg/kg,1,0.02,ICP-MS,SIM-LAB-GH-02,pass,Field measurement
MC-00080,GHSED-004-C02,GHSED-004,Cr,136.8,mg/kg,1,1,ICP-OES,SIM-LAB-GH-02,pass,Field measurement
MC-00081,GHSED-004-C02,GHSED-004,Cu,72.4,mg/kg,1,0.5,ICP-OES,SIM-LAB-GH-02,pass,Field measurement
MC-00082,GHSED-004-C02,GHSED-004,Hg,0.713,mg/kg,1,0.005,ICP-MS,SIM-LAB-GH-02,pass,Field measurement
MC-00083,GHSED-004-C02,GHSED-004,Ni,93.3,mg/kg,1,0.8,ICP-OES,SIM-LAB-GH-02,pass,Field measurement
MC-00084,GHSED-004-C02,GHSED-004,Pb,38.7,mg/kg,1,0.5,ICP-MS,SIM-LAB-GH-02,pass,Field measurement
MC-00085,GHSED-004-C02,GHSED-004,Zn,110.7,mg/kg,1,1,ICP-OES,SIM-LAB-GH-02,pass,Field measurement
MC-00086,GHSED-004-C02,GHSED-004,Mn,628.2,mg/kg,1,5,ICP-OES,SIM-LAB-GH-02,warning,Field measurement
MC-00087,GHSED-004-C02,GHSED-004,Fe,47283,mg/kg,1,50,ICP-OES,SIM-LAB-GH-02,pass,Field measurement
MC-00088,GHSED-004-C02,GHSED-004,Al,70443,mg/kg,1,50,ICP-OES,SIM-LAB-GH-02,pass,Field measurement
MC-00089,GHSED-005-C01,GHSED-005,As,32.3,mg/kg,1,0.5,ICP-MS,SIM-LAB-GH-01,pass,Field measurement
MC-00090,GHSED-005-C01,GHSED-005,Cd,0.66,mg/kg,1,0.02,ICP-MS,SIM-LAB-GH-01,pass,Field measurement
MC-00091,GHSED-005-C01,GHSED-005,Cr,123.3,mg/kg,1,1,ICP-OES,SIM-LAB-GH-01,pass,Field measurement
MC-00092,GHSED-005-C01,GHSED-005,Cu,85.5,mg/kg,1,0.5,ICP-OES,SIM-LAB-GH-01,pass,Field measurement
MC-00093,GHSED-005-C01,GHSED-005,Hg,0.277,mg/kg,1,0.005,ICP-MS,SIM-LAB-GH-01,pass,Field measurement
MC-00094,GHSED-005-C01,GHSED-005,Ni,83.6,mg/kg,1,0.8,ICP-OES,SIM-LAB-GH-01,pass,Field measurement
MC-00095,GHSED-005-C01,GHSED-005,Pb,34.2,mg/kg,1,0.5,ICP-MS,SIM-LAB-GH-01,pass,Field measurement
MC-00096,GHSED-005-C01,GHSED-005,Zn,139.4,mg/kg,1,1,ICP-OES,SIM-LAB-GH-01,pass,Field measurement
MC-00097,GHSED-005-C01,GHSED-005,Mn,1032.4,mg/kg,1,5,ICP-OES,SIM-LAB-GH-01,pass,Field measurement
MC-00098,GHSED-005-C01,GHSED-005,Fe,41375,mg/kg,1,50,ICP-OES,SIM-LAB-GH-01,pass,Field measurement
MC-00099,GHSED-005-C01,GHSED-005,Al,72954,mg/kg,1,50,ICP-OES,SIM-LAB-GH-01,pass,Field measurement
MC-00100,GHSED-005-C02,GHSED-005,As,27,mg/kg,1,0.5,ICP-MS,SIM-LAB-GH-02,warning,Field measurement
MC-00101,GHSED-005-C02,GHSED-005,Cd,0.98,mg/kg,1,0.02,ICP-MS,SIM-LAB-GH-02,pass,Field measurement
MC-00102,GHSED-005-C02,GHSED-005,Cr,159.7,mg/kg,1,1,ICP-OES,SIM-LAB-GH-02,pass,Field measurement
MC-00103,GHSED-005-C02,GHSED-005,Cu,82.8,mg/kg,1,0.5,ICP-OES,SIM-LAB-GH-02,pass,Field measurement
MC-00104,GHSED-005-C02,GHSED-005,Hg,0.262,mg/kg,1,0.005,ICP-MS,SIM-LAB-GH-02,pass,Field measurement
MC-00105,GHSED-005-C02,GHSED-005,Ni,87.7,mg/kg,1,0.8,ICP-OES,SIM-LAB-GH-02,pass,Field measurement
MC-00106,GHSED-005-C02,GHSED-005,Pb,48.9,mg/kg,1,0.5,ICP-MS,SIM-LAB-GH-02,pass,Field measurement
MC-00107,GHSED-005-C02,GHSED-005,Zn,174.3,mg/kg,1,1,ICP-OES,SIM-LAB-GH-02,pass,Field measurement
MC-00108,GHSED-005-C02,GHSED-005,Mn,793.7,mg/kg,1,5,ICP-OES,SIM-LAB-GH-02,pass,Field measurement
MC-00109,GHSED-005-C02,GHSED-005,Fe,47276,mg/kg,1,50,ICP-OES,SIM-LAB-GH-02,pass,Field measurement
MC-00110,GHSED-005-C02,GHSED-005,Al,57495,mg/kg,1,50,ICP-OES,SIM-LAB-GH-02,pass,Field measurement
MC-00111,GHSED-006-C01,GHSED-006,As,40.2,mg/kg,1,0.5,ICP-MS,SIM-LAB-GH-01,pass,Field measurement
MC-00112,GHSED-006-C01,GHSED-006,Cd,0.84,mg/kg,1,0.02,ICP-MS,SIM-LAB-GH-01,pass,Field measurement
MC-00113,GHSED-006-C01,GHSED-006,Cr,134.2,mg/kg,1,1,ICP-OES,SIM-LAB-GH-01,warning,Field measurement
MC-00114,GHSED-006-C01,GHSED-006,Cu,45.4,mg/kg,1,0.5,ICP-OES,SIM-LAB-GH-01,pass,Field measurement
MC-00115,GHSED-006-C01,GHSED-006,Hg,0.263,mg/kg,1,0.005,ICP-MS,SIM-LAB-GH-01,pass,Field measurement
MC-00116,GHSED-006-C01,GHSED-006,Ni,119.5,mg/kg,1,0.8,ICP-OES,SIM-LAB-GH-01,pass,Field measurement
MC-00117,GHSED-006-C01,GHSED-006,Pb,30.2,mg/kg,1,0.5,ICP-MS,SIM-LAB-GH-01,pass,Field measurement
MC-00118,GHSED-006-C01,GHSED-006,Zn,114.6,mg/kg,1,1,ICP-OES,SIM-LAB-GH-01,pass,Field measurement
MC-00119,GHSED-006-C01,GHSED-006,Mn,951.2,mg/kg,1,5,ICP-OES,SIM-LAB-GH-01,pass,Field measurement
MC-00120,GHSED-006-C01,GHSED-006,Fe,32083,mg/kg,1,50,ICP-OES,SIM-LAB-GH-01,pass,Field measurement
MC-00121,GHSED-006-C01,GHSED-006,Al,64147,mg/kg,1,50,ICP-OES,SIM-LAB-GH-01,pass,Field measurement
MC-00122,GHSED-006-C02,GHSED-006,As,36.4,mg/kg,1,0.5,ICP-MS,SIM-LAB-GH-02,pass,Field measurement
MC-00123,GHSED-006-C02,GHSED-006,Cd,0.69,mg/kg,1,0.02,ICP-MS,SIM-LAB-GH-02,pass,Field measurement
MC-00124,GHSED-006-C02,GHSED-006,Cr,130.2,mg/kg,1,1,ICP-OES,SIM-LAB-GH-02,pass,Field measurement
MC-00125,GHSED-006-C02,GHSED-006,Cu,75.6,mg/kg,1,0.5,ICP-OES,SIM-LAB-GH-02,pass,Field measurement
MC-00126,GHSED-006-C02,GHSED-006,Hg,0.352,mg/kg,1,0.005,ICP-MS,SIM-LAB-GH-02,pass,Field measurement
MC-00127,GHSED-006-C02,GHSED-006,Ni,113.9,mg/kg,1,0.8,ICP-OES,SIM-LAB-GH-02,pass,Field measurement
MC-00128,GHSED-006-C02,GHSED-006,Pb,30.3,mg/kg,1,0.5,ICP-MS,SIM-LAB-GH-02,pass,Field measurement
MC-00129,GHSED-006-C02,GHSED-006,Zn,153.5,mg/kg,1,1,ICP-OES,SIM-LAB-GH-02,pass,Field measurement
MC-00130,GHSED-006-C02,GHSED-006,Mn,809.4,mg/kg,1,5,ICP-OES,SIM-LAB-GH-02,pass,Field measurement
MC-00131,GHSED-006-C02,GHSED-006,Fe,49687,mg/kg,1,50,ICP-OES,SIM-LAB-GH-02,pass,Field measurement
MC-00132,GHSED-006-C02,GHSED-006,Al,88062,mg/kg,1,50,ICP-OES,SIM-LAB-GH-02,pass,Field measurement
MC-00133,GHSED-007-C01,GHSED-007,As,27,mg/kg,1,0.5,ICP-MS,SIM-LAB-GH-01,pass,Field measurement
MC-00134,GHSED-007-C01,GHSED-007,Cd,0.5,mg/kg,1,0.02,ICP-MS,SIM-LAB-GH-01,pass,Field measurement
MC-00135,GHSED-007-C01,GHSED-007,Cr,120.4,mg/kg,1,1,ICP-OES,SIM-LAB-GH-01,warning,Field measurement
MC-00136,GHSED-007-C01,GHSED-007,Cu,83.8,mg/kg,1,0.5,ICP-OES,SIM-LAB-GH-01,pass,Field measurement
MC-00137,GHSED-007-C01,GHSED-007,Hg,0.229,mg/kg,1,0.005,ICP-MS,SIM-LAB-GH-01,pass,Field measurement
MC-00138,GHSED-007-C01,GHSED-007,Ni,82.8,mg/kg,1,0.8,ICP-OES,SIM-LAB-GH-01,pass,Field measurement
MC-00139,GHSED-007-C01,GHSED-007,Pb,29.5,mg/kg,1,0.5,ICP-MS,SIM-LAB-GH-01,pass,Field measurement
MC-00140,GHSED-007-C01,GHSED-007,Zn,144.9,mg/kg,1,1,ICP-OES,SIM-LAB-GH-01,pass,Field measurement
MC-00141,GHSED-007-C01,GHSED-007,Mn,688.9,mg/kg,1,5,ICP-OES,SIM-LAB-GH-01,pass,Field measurement
MC-00142,GHSED-007-C01,GHSED-007,Fe,53926,mg/kg,1,50,ICP-OES,SIM-LAB-GH-01,pass,Field measurement
MC-00143,GHSED-007-C01,GHSED-007,Al,68981,mg/kg,1,50,ICP-OES,SIM-LAB-GH-01,pass,Field measurement
MC-00144,GHSED-007-C02,GHSED-007,As,39.5,mg/kg,1,0.5,ICP-MS,SIM-LAB-GH-02,pass,Field measurement
MC-00145,GHSED-007-C02,GHSED-007,Cd,0.75,mg/kg,1,0.02,ICP-MS,SIM-LAB-GH-02,pass,Field measurement
MC-00146,GHSED-007-C02,GHSED-007,Cr,147.7,mg/kg,1,1,ICP-OES,SIM-LAB-GH-02,pass,Field measurement
MC-00147,GHSED-007-C02,GHSED-007,Cu,84.4,mg/kg,1,0.5,ICP-OES,SIM-LAB-GH-02,pass,Field measurement
MC-00148,GHSED-007-C02,GHSED-007,Hg,0.293,mg/kg,1,0.005,ICP-MS,SIM-LAB-GH-02,pass,Field measurement
MC-00149,GHSED-007-C02,GHSED-007,Ni,108.4,mg/kg,1,0.8,ICP-OES,SIM-LAB-GH-02,pass,Field measurement
MC-00150,GHSED-007-C02,GHSED-007,Pb,33.1,mg/kg,1,0.5,ICP-MS,SIM-LAB-GH-02,pass,Field measurement
MC-00151,GHSED-007-C02,GHSED-007,Zn,135.2,mg/kg,1,1,ICP-OES,SIM-LAB-GH-02,pass,Field measurement
MC-00152,GHSED-007-C02,GHSED-007,Mn,724.6,mg/kg,1,5,ICP-OES,SIM-LAB-GH-02,pass,Field measurement
MC-00153,GHSED-007-C02,GHSED-007,Fe,31167,mg/kg,1,50,ICP-OES,SIM-LAB-GH-02,pass,Field measurement
MC-00154,GHSED-007-C02,GHSED-007,Al,83779,mg/kg,1,50,ICP-OES,SIM-LAB-GH-02,pass,Field measurement
MC-00155,GHSED-008-C01,GHSED-008,As,31.9,mg/kg,1,0.5,ICP-MS,SIM-LAB-GH-01,pass,Field measurement
MC-00156,GHSED-008-C01,GHSED-008,Cd,0.63,mg/kg,1,0.02,ICP-MS,SIM-LAB-GH-01,pass,Field measurement
MC-00157,GHSED-008-C01,GHSED-008,Cr,145.4,mg/kg,1,1,ICP-OES,SIM-LAB-GH-01,pass,Field measurement
MC-00158,GHSED-008-C01,GHSED-008,Cu,49.7,mg/kg,1,0.5,ICP-OES,SIM-LAB-GH-01,pass,Field measurement
MC-00159,GHSED-008-C01,GHSED-008,Hg,0.275,mg/kg,1,0.005,ICP-MS,SIM-LAB-GH-01,pass,Field measurement
MC-00160,GHSED-008-C01,GHSED-008,Ni,97.1,mg/kg,1,0.8,ICP-OES,SIM-LAB-GH-01,pass,Field measurement
MC-00161,GHSED-008-C01,GHSED-008,Pb,30.4,mg/kg,1,0.5,ICP-MS,SIM-LAB-GH-01,pass,Field measurement
MC-00162,GHSED-008-C01,GHSED-008,Zn,127.4,mg/kg,1,1,ICP-OES,SIM-LAB-GH-01,pass,Field measurement
MC-00163,GHSED-008-C01,GHSED-008,Mn,865.2,mg/kg,1,5,ICP-OES,SIM-LAB-GH-01,pass,Field measurement
MC-00164,GHSED-008-C01,GHSED-008,Fe,52346,mg/kg,1,50,ICP-OES,SIM-LAB-GH-01,pass,Field measurement
MC-00165,GHSED-008-C01,GHSED-008,Al,74188,mg/kg,1,50,ICP-OES,SIM-LAB-GH-01,pass,Field measurement
MC-00166,GHSED-008-C02,GHSED-008,As,28.7,mg/kg,1,0.5,ICP-MS,SIM-LAB-GH-02,pass,Field measurement
MC-00167,GHSED-008-C02,GHSED-008,Cd,0.71,mg/kg,1,0.02,ICP-MS,SIM-LAB-GH-02,pass,Field measurement
MC-00168,GHSED-008-C02,GHSED-008,Cr,156,mg/kg,1,1,ICP-OES,SIM-LAB-GH-02,pass,Field measurement
MC-00169,GHSED-008-C02,GHSED-008,Cu,65,mg/kg,1,0.5,ICP-OES,SIM-LAB-GH-02,pass,Field measurement
MC-00170,GHSED-008-C02,GHSED-008,Hg,0.29,mg/kg,1,0.005,ICP-MS,SIM-LAB-GH-02,pass,Field measurement
MC-00171,GHSED-008-C02,GHSED-008,Ni,76.8,mg/kg,1,0.8,ICP-OES,SIM-LAB-GH-02,pass,Field measurement
MC-00172,GHSED-008-C02,GHSED-008,Pb,34.2,mg/kg,1,0.5,ICP-MS,SIM-LAB-GH-02,pass,Field measurement
MC-00173,GHSED-008-C02,GHSED-008,Zn,104.7,mg/kg,1,1,ICP-OES,SIM-LAB-GH-02,pass,Field measurement
MC-00174,GHSED-008-C02,GHSED-008,Mn,688.4,mg/kg,1,5,ICP-OES,SIM-LAB-GH-02,pass,Field measurement
MC-00175,GHSED-008-C02,GHSED-008,Fe,43221,mg/kg,1,50,ICP-OES,SIM-LAB-GH-02,pass,Field measurement
MC-00176,GHSED-008-C02,GHSED-008,Al,67141,mg/kg,1,50,ICP-OES,SIM-LAB-GH-02,pass,Field measurement
MC-00177,GHSED-009-C01,GHSED-009,As,29.9,mg/kg,1,0.5,ICP-MS,SIM-LAB-GH-01,pass,Field measurement
MC-00178,GHSED-009-C01,GHSED-009,Cd,0.41,mg/kg,1,0.02,ICP-MS,SIM-LAB-GH-01,pass,Field measurement
MC-00179,GHSED-009-C01,GHSED-009,Cr,133.5,mg/kg,1,1,ICP-OES,SIM-LAB-GH-01,pass,Field measurement
MC-00180,GHSED-009-C01,GHSED-009,Cu,76.2,mg/kg,1,0.5,ICP-OES,SIM-LAB-GH-01,pass,Field measurement
MC-00181,GHSED-009-C01,GHSED-009,Hg,0.212,mg/kg,1,0.005,ICP-MS,SIM-LAB-GH-01,pass,Field measurement
MC-00182,GHSED-009-C01,GHSED-009,Ni,87.3,mg/kg,1,0.8,ICP-OES,SIM-LAB-GH-01,pass,Field measurement
MC-00183,GHSED-009-C01,GHSED-009,Pb,27,mg/kg,1,0.5,ICP-MS,SIM-LAB-GH-01,pass,Field measurement
MC-00184,GHSED-009-C01,GHSED-009,Zn,146.5,mg/kg,1,1,ICP-OES,SIM-LAB-GH-01,pass,Field measurement
MC-00185,GHSED-009-C01,GHSED-009,Mn,825.4,mg/kg,1,5,ICP-OES,SIM-LAB-GH-01,pass,Field measurement
MC-00186,GHSED-009-C01,GHSED-009,Fe,53370,mg/kg,1,50,ICP-OES,SIM-LAB-GH-01,pass,Field measurement
MC-00187,GHSED-009-C01,GHSED-009,Al,64018,mg/kg,1,50,ICP-OES,SIM-LAB-GH-01,pass,Field measurement
MC-00188,GHSED-009-C02,GHSED-009,As,29.2,mg/kg,1,0.5,ICP-MS,SIM-LAB-GH-02,pass,Field measurement
MC-00189,GHSED-009-C02,GHSED-009,Cd,0.37,mg/kg,1,0.02,ICP-MS,SIM-LAB-GH-02,pass,Field measurement
MC-00190,GHSED-009-C02,GHSED-009,Cr,169.6,mg/kg,1,1,ICP-OES,SIM-LAB-GH-02,pass,Field measurement
MC-00191,GHSED-009-C02,GHSED-009,Cu,77.6,mg/kg,1,0.5,ICP-OES,SIM-LAB-GH-02,pass,Field measurement
MC-00192,GHSED-009-C02,GHSED-009,Hg,0.193,mg/kg,1,0.005,ICP-MS,SIM-LAB-GH-02,warning,Field measurement
MC-00193,GHSED-009-C02,GHSED-009,Ni,88.1,mg/kg,1,0.8,ICP-OES,SIM-LAB-GH-02,pass,Field measurement
MC-00194,GHSED-009-C02,GHSED-009,Pb,36.9,mg/kg,1,0.5,ICP-MS,SIM-LAB-GH-02,pass,Field measurement
MC-00195,GHSED-009-C02,GHSED-009,Zn,109.2,mg/kg,1,1,ICP-OES,SIM-LAB-GH-02,pass,Field measurement
MC-00196,GHSED-009-C02,GHSED-009,Mn,985.6,mg/kg,1,5,ICP-OES,SIM-LAB-GH-02,pass,Field measurement
MC-00197,GHSED-009-C02,GHSED-009,Fe,46083,mg/kg,1,50,ICP-OES,SIM-LAB-GH-02,pass,Field measurement
MC-00198,GHSED-009-C02,GHSED-009,Al,91300,mg/kg,1,50,ICP-OES,SIM-LAB-GH-02,warning,Field measurement
MC-00199,GHSED-010-C01,GHSED-010,As,28,mg/kg,1,0.5,ICP-MS,SIM-LAB-GH-01,pass,Field measurement
MC-00200,GHSED-010-C01,GHSED-010,Cd,0.71,mg/kg,1,0.02,ICP-MS,SIM-LAB-GH-01,pass,Field measurement
MC-00201,GHSED-010-C01,GHSED-010,Cr,111,mg/kg,1,1,ICP-OES,SIM-LAB-GH-01,pass,Field measurement
MC-00202,GHSED-010-C01,GHSED-010,Cu,60.8,mg/kg,1,0.5,ICP-OES,SIM-LAB-GH-01,warning,Field measurement
MC-00203,GHSED-010-C01,GHSED-010,Hg,0.262,mg/kg,1,0.005,ICP-MS,SIM-LAB-GH-01,warning,Field measurement
MC-00204,GHSED-010-C01,GHSED-010,Ni,99.9,mg/kg,1,0.8,ICP-OES,SIM-LAB-GH-01,pass,Field measurement
MC-00205,GHSED-010-C01,GHSED-010,Pb,31,mg/kg,1,0.5,ICP-MS,SIM-LAB-GH-01,pass,Field measurement
MC-00206,GHSED-010-C01,GHSED-010,Zn,141.7,mg/kg,1,1,ICP-OES,SIM-LAB-GH-01,pass,Field measurement
MC-00207,GHSED-010-C01,GHSED-010,Mn,793.1,mg/kg,1,5,ICP-OES,SIM-LAB-GH-01,pass,Field measurement
MC-00208,GHSED-010-C01,GHSED-010,Fe,46558,mg/kg,1,50,ICP-OES,SIM-LAB-GH-01,pass,Field measurement
MC-00209,GHSED-010-C01,GHSED-010,Al,74055,mg/kg,1,50,ICP-OES,SIM-LAB-GH-01,pass,Field measurement
MC-00210,GHSED-010-C02,GHSED-010,As,25.3,mg/kg,1,0.5,ICP-MS,SIM-LAB-GH-02,pass,Field measurement
MC-00211,GHSED-010-C02,GHSED-010,Cd,0.76,mg/kg,1,0.02,ICP-MS,SIM-LAB-GH-02,pass,Field measurement
MC-00212,GHSED-010-C02,GHSED-010,Cr,133.3,mg/kg,1,1,ICP-OES,SIM-LAB-GH-02,pass,Field measurement
MC-00213,GHSED-010-C02,GHSED-010,Cu,54.8,mg/kg,1,0.5,ICP-OES,SIM-LAB-GH-02,pass,Field measurement
MC-00214,GHSED-010-C02,GHSED-010,Hg,0.259,mg/kg,1,0.005,ICP-MS,SIM-LAB-GH-02,pass,Field measurement
MC-00215,GHSED-010-C02,GHSED-010,Ni,105.1,mg/kg,1,0.8,ICP-OES,SIM-LAB-GH-02,warning,Field measurement
MC-00216,GHSED-010-C02,GHSED-010,Pb,28.8,mg/kg,1,0.5,ICP-MS,SIM-LAB-GH-02,pass,Field measurement
MC-00217,GHSED-010-C02,GHSED-010,Zn,158.2,mg/kg,1,1,ICP-OES,SIM-LAB-GH-02,pass,Field measurement
MC-00218,GHSED-010-C02,GHSED-010,Mn,981,mg/kg,1,5,ICP-OES,SIM-LAB-GH-02,pass,Field measurement
MC-00219,GHSED-010-C02,GHSED-010,Fe,40212,mg/kg,1,50,ICP-OES,SIM-LAB-GH-02,pass,Field measurement
MC-00220,GHSED-010-C02,GHSED-010,Al,61470,mg/kg,1,50,ICP-OES,SIM-LAB-GH-02,pass,Field measurement
MC-00221,GHSED-011-C01,GHSED-011,As,12.9,mg/kg,1,0.5,ICP-MS,SIM-LAB-GH-01,pass,Field measurement
MC-00222,GHSED-011-C01,GHSED-011,Cd,0.31,mg/kg,1,0.02,ICP-MS,SIM-LAB-GH-01,pass,Field measurement
MC-00223,GHSED-011-C01,GHSED-011,Cr,142.1,mg/kg,1,1,ICP-OES,SIM-LAB-GH-01,pass,Field measurement
MC-00224,GHSED-011-C01,GHSED-011,Cu,51.8,mg/kg,1,0.5,ICP-OES,SIM-LAB-GH-01,pass,Field measurement
MC-00225,GHSED-011-C01,GHSED-011,Hg,0.149,mg/kg,1,0.005,ICP-MS,SIM-LAB-GH-01,pass,Field measurement
MC-00226,GHSED-011-C01,GHSED-011,Ni,95.8,mg/kg,1,0.8,ICP-OES,SIM-LAB-GH-01,pass,Field measurement
MC-00227,GHSED-011-C01,GHSED-011,Pb,20.2,mg/kg,1,0.5,ICP-MS,SIM-LAB-GH-01,pass,Field measurement
MC-00228,GHSED-011-C01,GHSED-011,Zn,84.7,mg/kg,1,1,ICP-OES,SIM-LAB-GH-01,pass,Field measurement
MC-00229,GHSED-011-C01,GHSED-011,Mn,856.3,mg/kg,1,5,ICP-OES,SIM-LAB-GH-01,pass,Field measurement
MC-00230,GHSED-011-C01,GHSED-011,Fe,35018,mg/kg,1,50,ICP-OES,SIM-LAB-GH-01,pass,Field measurement
MC-00231,GHSED-011-C01,GHSED-011,Al,80365,mg/kg,1,50,ICP-OES,SIM-LAB-GH-01,pass,Field measurement
MC-00232,GHSED-011-C02,GHSED-011,As,12,mg/kg,1,0.5,ICP-MS,SIM-LAB-GH-02,pass,Field measurement
MC-00233,GHSED-011-C02,GHSED-011,Cd,0.31,mg/kg,1,0.02,ICP-MS,SIM-LAB-GH-02,pass,Field measurement
MC-00234,GHSED-011-C02,GHSED-011,Cr,148.3,mg/kg,1,1,ICP-OES,SIM-LAB-GH-02,pass,Field measurement
MC-00235,GHSED-011-C02,GHSED-011,Cu,75.4,mg/kg,1,0.5,ICP-OES,SIM-LAB-GH-02,pass,Field measurement
MC-00236,GHSED-011-C02,GHSED-011,Hg,0.184,mg/kg,1,0.005,ICP-MS,SIM-LAB-GH-02,pass,Field measurement
MC-00237,GHSED-011-C02,GHSED-011,Ni,103.1,mg/kg,1,0.8,ICP-OES,SIM-LAB-GH-02,pass,Field measurement
MC-00238,GHSED-011-C02,GHSED-011,Pb,20.1,mg/kg,1,0.5,ICP-MS,SIM-LAB-GH-02,pass,Field measurement
MC-00239,GHSED-011-C02,GHSED-011,Zn,108.7,mg/kg,1,1,ICP-OES,SIM-LAB-GH-02,pass,Field measurement
MC-00240,GHSED-011-C02,GHSED-011,Mn,1086.1,mg/kg,1,5,ICP-OES,SIM-LAB-GH-02,pass,Field measurement
MC-00241,GHSED-011-C02,GHSED-011,Fe,35501,mg/kg,1,50,ICP-OES,SIM-LAB-GH-02,pass,Field measurement
MC-00242,GHSED-011-C02,GHSED-011,Al,93277,mg/kg,1,50,ICP-OES,SIM-LAB-GH-02,pass,Field measurement
MC-00243,GHSED-012-C01,GHSED-012,As,15,mg/kg,1,0.5,ICP-MS,SIM-LAB-GH-01,pass,Field measurement
MC-00244,GHSED-012-C01,GHSED-012,Cd,0.52,mg/kg,1,0.02,ICP-MS,SIM-LAB-GH-01,pass,Field measurement
MC-00245,GHSED-012-C01,GHSED-012,Cr,99.1,mg/kg,1,1,ICP-OES,SIM-LAB-GH-01,pass,Field measurement
MC-00246,GHSED-012-C01,GHSED-012,Cu,74.4,mg/kg,1,0.5,ICP-OES,SIM-LAB-GH-01,warning,Field measurement
MC-00247,GHSED-012-C01,GHSED-012,Hg,0.151,mg/kg,1,0.005,ICP-MS,SIM-LAB-GH-01,pass,Field measurement
MC-00248,GHSED-012-C01,GHSED-012,Ni,80.9,mg/kg,1,0.8,ICP-OES,SIM-LAB-GH-01,pass,Field measurement
MC-00249,GHSED-012-C01,GHSED-012,Pb,27.9,mg/kg,1,0.5,ICP-MS,SIM-LAB-GH-01,pass,Field measurement
MC-00250,GHSED-012-C01,GHSED-012,Zn,215,mg/kg,1,1,ICP-OES,SIM-LAB-GH-01,pass,Field measurement
MC-00251,GHSED-012-C01,GHSED-012,Mn,1147.4,mg/kg,1,5,ICP-OES,SIM-LAB-GH-01,pass,Field measurement
MC-00252,GHSED-012-C01,GHSED-012,Fe,40640,mg/kg,1,50,ICP-OES,SIM-LAB-GH-01,pass,Field measurement
MC-00253,GHSED-012-C01,GHSED-012,Al,55540,mg/kg,1,50,ICP-OES,SIM-LAB-GH-01,pass,Field measurement
MC-00254,GHSED-012-C02,GHSED-012,As,16,mg/kg,1,0.5,ICP-MS,SIM-LAB-GH-02,pass,Field measurement
MC-00255,GHSED-012-C02,GHSED-012,Cd,0.42,mg/kg,1,0.02,ICP-MS,SIM-LAB-GH-02,pass,Field measurement
MC-00256,GHSED-012-C02,GHSED-012,Cr,134.8,mg/kg,1,1,ICP-OES,SIM-LAB-GH-02,pass,Field measurement
MC-00257,GHSED-012-C02,GHSED-012,Cu,72.9,mg/kg,1,0.5,ICP-OES,SIM-LAB-GH-02,pass,Field measurement
MC-00258,GHSED-012-C02,GHSED-012,Hg,0.126,mg/kg,1,0.005,ICP-MS,SIM-LAB-GH-02,pass,Field measurement
MC-00259,GHSED-012-C02,GHSED-012,Ni,80.4,mg/kg,1,0.8,ICP-OES,SIM-LAB-GH-02,pass,Field measurement
MC-00260,GHSED-012-C02,GHSED-012,Pb,34.9,mg/kg,1,0.5,ICP-MS,SIM-LAB-GH-02,pass,Field measurement
MC-00261,GHSED-012-C02,GHSED-012,Zn,169.5,mg/kg,1,1,ICP-OES,SIM-LAB-GH-02,pass,Field measurement
MC-00262,GHSED-012-C02,GHSED-012,Mn,744.1,mg/kg,1,5,ICP-OES,SIM-LAB-GH-02,pass,Field measurement
MC-00263,GHSED-012-C02,GHSED-012,Fe,44054,mg/kg,1,50,ICP-OES,SIM-LAB-GH-02,pass,Field measurement
MC-00264,GHSED-012-C02,GHSED-012,Al,84648,mg/kg,1,50,ICP-OES,SIM-LAB-GH-02,pass,Field measurement
MC-00265,GHSED-013-C01,GHSED-013,As,13.8,mg/kg,1,0.5,ICP-MS,SIM-LAB-GH-01,pass,Field measurement
MC-00266,GHSED-013-C01,GHSED-013,Cd,0.85,mg/kg,1,0.02,ICP-MS,SIM-LAB-GH-01,pass,Field measurement
MC-00267,GHSED-013-C01,GHSED-013,Cr,161.5,mg/kg,1,1,ICP-OES,SIM-LAB-GH-01,pass,Field measurement
MC-00268,GHSED-013-C01,GHSED-013,Cu,105,mg/kg,1,0.5,ICP-OES,SIM-LAB-GH-01,pass,Field measurement
MC-00269,GHSED-013-C01,GHSED-013,Hg,0.133,mg/kg,1,0.005,ICP-MS,SIM-LAB-GH-01,pass,Field measurement
MC-00270,GHSED-013-C01,GHSED-013,Ni,103.1,mg/kg,1,0.8,ICP-OES,SIM-LAB-GH-01,warning,Field measurement
MC-00271,GHSED-013-C01,GHSED-013,Pb,50.8,mg/kg,1,0.5,ICP-MS,SIM-LAB-GH-01,pass,Field measurement
MC-00272,GHSED-013-C01,GHSED-013,Zn,256.8,mg/kg,1,1,ICP-OES,SIM-LAB-GH-01,pass,Field measurement
MC-00273,GHSED-013-C01,GHSED-013,Mn,745.1,mg/kg,1,5,ICP-OES,SIM-LAB-GH-01,pass,Field measurement
MC-00274,GHSED-013-C01,GHSED-013,Fe,36624,mg/kg,1,50,ICP-OES,SIM-LAB-GH-01,pass,Field measurement
MC-00275,GHSED-013-C01,GHSED-013,Al,82449,mg/kg,1,50,ICP-OES,SIM-LAB-GH-01,pass,Field measurement
MC-00276,GHSED-013-C02,GHSED-013,As,12.3,mg/kg,1,0.5,ICP-MS,SIM-LAB-GH-02,pass,Field measurement
MC-00277,GHSED-013-C02,GHSED-013,Cd,0.82,mg/kg,1,0.02,ICP-MS,SIM-LAB-GH-02,pass,Field measurement
MC-00278,GHSED-013-C02,GHSED-013,Cr,150.8,mg/kg,1,1,ICP-OES,SIM-LAB-GH-02,pass,Field measurement
MC-00279,GHSED-013-C02,GHSED-013,Cu,125.2,mg/kg,1,0.5,ICP-OES,SIM-LAB-GH-02,pass,Field measurement
MC-00280,GHSED-013-C02,GHSED-013,Hg,0.112,mg/kg,1,0.005,ICP-MS,SIM-LAB-GH-02,pass,Field measurement
MC-00281,GHSED-013-C02,GHSED-013,Ni,109,mg/kg,1,0.8,ICP-OES,SIM-LAB-GH-02,pass,Field measurement
MC-00282,GHSED-013-C02,GHSED-013,Pb,64,mg/kg,1,0.5,ICP-MS,SIM-LAB-GH-02,pass,Field measurement
MC-00283,GHSED-013-C02,GHSED-013,Zn,308.8,mg/kg,1,1,ICP-OES,SIM-LAB-GH-02,pass,Field measurement
MC-00284,GHSED-013-C02,GHSED-013,Mn,824.1,mg/kg,1,5,ICP-OES,SIM-LAB-GH-02,pass,Field measurement
MC-00285,GHSED-013-C02,GHSED-013,Fe,44048,mg/kg,1,50,ICP-OES,SIM-LAB-GH-02,pass,Field measurement
MC-00286,GHSED-013-C02,GHSED-013,Al,68906,mg/kg,1,50,ICP-OES,SIM-LAB-GH-02,pass,Field measurement
MC-00287,GHSED-014-C01,GHSED-014,As,9.7,mg/kg,1,0.5,ICP-MS,SIM-LAB-GH-01,pass,Field measurement
MC-00288,GHSED-014-C01,GHSED-014,Cd,0.78,mg/kg,1,0.02,ICP-MS,SIM-LAB-GH-01,pass,Field measurement
MC-00289,GHSED-014-C01,GHSED-014,Cr,109.2,mg/kg,1,1,ICP-OES,SIM-LAB-GH-01,pass,Field measurement
MC-00290,GHSED-014-C01,GHSED-014,Cu,83.1,mg/kg,1,0.5,ICP-OES,SIM-LAB-GH-01,pass,Field measurement
MC-00291,GHSED-014-C01,GHSED-014,Hg,0.13,mg/kg,1,0.005,ICP-MS,SIM-LAB-GH-01,pass,Field measurement
MC-00292,GHSED-014-C01,GHSED-014,Ni,100.1,mg/kg,1,0.8,ICP-OES,SIM-LAB-GH-01,pass,Field measurement
MC-00293,GHSED-014-C01,GHSED-014,Pb,51.9,mg/kg,1,0.5,ICP-MS,SIM-LAB-GH-01,warning,Field measurement
MC-00294,GHSED-014-C01,GHSED-014,Zn,247.1,mg/kg,1,1,ICP-OES,SIM-LAB-GH-01,pass,Field measurement
MC-00295,GHSED-014-C01,GHSED-014,Mn,668.9,mg/kg,1,5,ICP-OES,SIM-LAB-GH-01,pass,Field measurement
MC-00296,GHSED-014-C01,GHSED-014,Fe,36472,mg/kg,1,50,ICP-OES,SIM-LAB-GH-01,pass,Field measurement
MC-00297,GHSED-014-C01,GHSED-014,Al,67711,mg/kg,1,50,ICP-OES,SIM-LAB-GH-01,pass,Field measurement
MC-00298,GHSED-014-C02,GHSED-014,As,11.9,mg/kg,1,0.5,ICP-MS,SIM-LAB-GH-02,pass,Field measurement
MC-00299,GHSED-014-C02,GHSED-014,Cd,0.78,mg/kg,1,0.02,ICP-MS,SIM-LAB-GH-02,pass,Field measurement
MC-00300,GHSED-014-C02,GHSED-014,Cr,111.2,mg/kg,1,1,ICP-OES,SIM-LAB-GH-02,pass,Field measurement
MC-00301,GHSED-014-C02,GHSED-014,Cu,87.3,mg/kg,1,0.5,ICP-OES,SIM-LAB-GH-02,pass,Field measurement
MC-00302,GHSED-014-C02,GHSED-014,Hg,0.153,mg/kg,1,0.005,ICP-MS,SIM-LAB-GH-02,pass,Field measurement
MC-00303,GHSED-014-C02,GHSED-014,Ni,100.1,mg/kg,1,0.8,ICP-OES,SIM-LAB-GH-02,pass,Field measurement
MC-00304,GHSED-014-C02,GHSED-014,Pb,51.5,mg/kg,1,0.5,ICP-MS,SIM-LAB-GH-02,pass,Field measurement
MC-00305,GHSED-014-C02,GHSED-014,Zn,252,mg/kg,1,1,ICP-OES,SIM-LAB-GH-02,pass,Field measurement
MC-00306,GHSED-014-C02,GHSED-014,Mn,655.4,mg/kg,1,5,ICP-OES,SIM-LAB-GH-02,pass,Field measurement
MC-00307,GHSED-014-C02,GHSED-014,Fe,38630,mg/kg,1,50,ICP-OES,SIM-LAB-GH-02,pass,Field measurement
MC-00308,GHSED-014-C02,GHSED-014,Al,61158,mg/kg,1,50,ICP-OES,SIM-LAB-GH-02,pass,Field measurement
MC-00309,GHSED-015-C01,GHSED-015,As,11.7,mg/kg,1,0.5,ICP-MS,SIM-LAB-GH-01,pass,Field measurement
MC-00310,GHSED-015-C01,GHSED-015,Cd,0.7,mg/kg,1,0.02,ICP-MS,SIM-LAB-GH-01,pass,Field measurement
MC-00311,GHSED-015-C01,GHSED-015,Cr,128.7,mg/kg,1,1,ICP-OES,SIM-LAB-GH-01,pass,Field measurement
MC-00312,GHSED-015-C01,GHSED-015,Cu,126.1,mg/kg,1,0.5,ICP-OES,SIM-LAB-GH-01,pass,Field measurement
MC-00313,GHSED-015-C01,GHSED-015,Hg,0.141,mg/kg,1,0.005,ICP-MS,SIM-LAB-GH-01,pass,Field measurement
MC-00314,GHSED-015-C01,GHSED-015,Ni,78.2,mg/kg,1,0.8,ICP-OES,SIM-LAB-GH-01,pass,Field measurement
MC-00315,GHSED-015-C01,GHSED-015,Pb,57.4,mg/kg,1,0.5,ICP-MS,SIM-LAB-GH-01,pass,Field measurement
MC-00316,GHSED-015-C01,GHSED-015,Zn,240.3,mg/kg,1,1,ICP-OES,SIM-LAB-GH-01,pass,Field measurement
MC-00317,GHSED-015-C01,GHSED-015,Mn,599.8,mg/kg,1,5,ICP-OES,SIM-LAB-GH-01,pass,Field measurement
MC-00318,GHSED-015-C01,GHSED-015,Fe,41172,mg/kg,1,50,ICP-OES,SIM-LAB-GH-01,pass,Field measurement
MC-00319,GHSED-015-C01,GHSED-015,Al,58807,mg/kg,1,50,ICP-OES,SIM-LAB-GH-01,pass,Field measurement
MC-00320,GHSED-015-C02,GHSED-015,As,12,mg/kg,1,0.5,ICP-MS,SIM-LAB-GH-02,pass,Field measurement
MC-00321,GHSED-015-C02,GHSED-015,Cd,0.67,mg/kg,1,0.02,ICP-MS,SIM-LAB-GH-02,pass,Field measurement
MC-00322,GHSED-015-C02,GHSED-015,Cr,164.9,mg/kg,1,1,ICP-OES,SIM-LAB-GH-02,pass,Field measurement
MC-00323,GHSED-015-C02,GHSED-015,Cu,108.5,mg/kg,1,0.5,ICP-OES,SIM-LAB-GH-02,pass,Field measurement
MC-00324,GHSED-015-C02,GHSED-015,Hg,0.177,mg/kg,1,0.005,ICP-MS,SIM-LAB-GH-02,pass,Field measurement
MC-00325,GHSED-015-C02,GHSED-015,Ni,109.3,mg/kg,1,0.8,ICP-OES,SIM-LAB-GH-02,pass,Field measurement
MC-00326,GHSED-015-C02,GHSED-015,Pb,54.6,mg/kg,1,0.5,ICP-MS,SIM-LAB-GH-02,pass,Field measurement
MC-00327,GHSED-015-C02,GHSED-015,Zn,240.4,mg/kg,1,1,ICP-OES,SIM-LAB-GH-02,pass,Field measurement
MC-00328,GHSED-015-C02,GHSED-015,Mn,1190.1,mg/kg,1,5,ICP-OES,SIM-LAB-GH-02,pass,Field measurement
MC-00329,GHSED-015-C02,GHSED-015,Fe,53814,mg/kg,1,50,ICP-OES,SIM-LAB-GH-02,pass,Field measurement
MC-00330,GHSED-015-C02,GHSED-015,Al,75867,mg/kg,1,50,ICP-OES,SIM-LAB-GH-02,pass,Field measurement
MC-00331,GHSED-016-C01,GHSED-016,As,12,mg/kg,1,0.5,ICP-MS,SIM-LAB-GH-01,pass,Field measurement
MC-00332,GHSED-016-C01,GHSED-016,Cd,0.65,mg/kg,1,0.02,ICP-MS,SIM-LAB-GH-01,pass,Field measurement
MC-00333,GHSED-016-C01,GHSED-016,Cr,121.5,mg/kg,1,1,ICP-OES,SIM-LAB-GH-01,pass,Field measurement
MC-00334,GHSED-016-C01,GHSED-016,Cu,68.5,mg/kg,1,0.5,ICP-OES,SIM-LAB-GH-01,pass,Field measurement
MC-00335,GHSED-016-C01,GHSED-016,Hg,0.08,mg/kg,1,0.005,ICP-MS,SIM-LAB-GH-01,pass,Field measurement
MC-00336,GHSED-016-C01,GHSED-016,Ni,93.4,mg/kg,1,0.8,ICP-OES,SIM-LAB-GH-01,pass,Field measurement
MC-00337,GHSED-016-C01,GHSED-016,Pb,33.2,mg/kg,1,0.5,ICP-MS,SIM-LAB-GH-01,pass,Field measurement
MC-00338,GHSED-016-C01,GHSED-016,Zn,160.4,mg/kg,1,1,ICP-OES,SIM-LAB-GH-01,pass,Field measurement
MC-00339,GHSED-016-C01,GHSED-016,Mn,710.1,mg/kg,1,5,ICP-OES,SIM-LAB-GH-01,pass,Field measurement
MC-00340,GHSED-016-C01,GHSED-016,Fe,37646,mg/kg,1,50,ICP-OES,SIM-LAB-GH-01,pass,Field measurement
MC-00341,GHSED-016-C01,GHSED-016,Al,66543,mg/kg,1,50,ICP-OES,SIM-LAB-GH-01,pass,Field measurement
MC-00342,GHSED-016-C02,GHSED-016,As,12.5,mg/kg,1,0.5,ICP-MS,SIM-LAB-GH-02,pass,Field measurement
MC-00343,GHSED-016-C02,GHSED-016,Cd,0.55,mg/kg,1,0.02,ICP-MS,SIM-LAB-GH-02,pass,Field measurement
MC-00344,GHSED-016-C02,GHSED-016,Cr,108.1,mg/kg,1,1,ICP-OES,SIM-LAB-GH-02,pass,Field measurement
MC-00345,GHSED-016-C02,GHSED-016,Cu,92.8,mg/kg,1,0.5,ICP-OES,SIM-LAB-GH-02,pass,Field measurement
MC-00346,GHSED-016-C02,GHSED-016,Hg,0.116,mg/kg,1,0.005,ICP-MS,SIM-LAB-GH-02,pass,Field measurement
MC-00347,GHSED-016-C02,GHSED-016,Ni,108.7,mg/kg,1,0.8,ICP-OES,SIM-LAB-GH-02,pass,Field measurement
MC-00348,GHSED-016-C02,GHSED-016,Pb,35.9,mg/kg,1,0.5,ICP-MS,SIM-LAB-GH-02,pass,Field measurement
MC-00349,GHSED-016-C02,GHSED-016,Zn,178.2,mg/kg,1,1,ICP-OES,SIM-LAB-GH-02,pass,Field measurement
MC-00350,GHSED-016-C02,GHSED-016,Mn,1083.8,mg/kg,1,5,ICP-OES,SIM-LAB-GH-02,pass,Field measurement
MC-00351,GHSED-016-C02,GHSED-016,Fe,30932,mg/kg,1,50,ICP-OES,SIM-LAB-GH-02,pass,Field measurement
MC-00352,GHSED-016-C02,GHSED-016,Al,76558,mg/kg,1,50,ICP-OES,SIM-LAB-GH-02,pass,Field measurement
MC-00353,GHSED-017-C01,GHSED-017,As,7.9,mg/kg,1,0.5,ICP-MS,SIM-LAB-GH-01,pass,Field measurement
MC-00354,GHSED-017-C01,GHSED-017,Cd,0.41,mg/kg,1,0.02,ICP-MS,SIM-LAB-GH-01,pass,Field measurement
MC-00355,GHSED-017-C01,GHSED-017,Cr,110,mg/kg,1,1,ICP-OES,SIM-LAB-GH-01,pass,Field measurement
MC-00356,GHSED-017-C01,GHSED-017,Cu,83.9,mg/kg,1,0.5,ICP-OES,SIM-LAB-GH-01,pass,Field measurement
MC-00357,GHSED-017-C01,GHSED-017,Hg,0.105,mg/kg,1,0.005,ICP-MS,SIM-LAB-GH-01,pass,Field measurement
MC-00358,GHSED-017-C01,GHSED-017,Ni,92.9,mg/kg,1,0.8,ICP-OES,SIM-LAB-GH-01,pass,Field measurement
MC-00359,GHSED-017-C01,GHSED-017,Pb,39,mg/kg,1,0.5,ICP-MS,SIM-LAB-GH-01,pass,Field measurement
MC-00360,GHSED-017-C01,GHSED-017,Zn,193.8,mg/kg,1,1,ICP-OES,SIM-LAB-GH-01,pass,Field measurement
MC-00361,GHSED-017-C01,GHSED-017,Mn,759.8,mg/kg,1,5,ICP-OES,SIM-LAB-GH-01,pass,Field measurement
MC-00362,GHSED-017-C01,GHSED-017,Fe,30658,mg/kg,1,50,ICP-OES,SIM-LAB-GH-01,pass,Field measurement
MC-00363,GHSED-017-C01,GHSED-017,Al,61706,mg/kg,1,50,ICP-OES,SIM-LAB-GH-01,pass,Field measurement
MC-00364,GHSED-017-C02,GHSED-017,As,11,mg/kg,1,0.5,ICP-MS,SIM-LAB-GH-02,pass,Field measurement
MC-00365,GHSED-017-C02,GHSED-017,Cd,0.87,mg/kg,1,0.02,ICP-MS,SIM-LAB-GH-02,pass,Field measurement
MC-00366,GHSED-017-C02,GHSED-017,Cr,143.2,mg/kg,1,1,ICP-OES,SIM-LAB-GH-02,pass,Field measurement
MC-00367,GHSED-017-C02,GHSED-017,Cu,106,mg/kg,1,0.5,ICP-OES,SIM-LAB-GH-02,pass,Field measurement
MC-00368,GHSED-017-C02,GHSED-017,Hg,0.115,mg/kg,1,0.005,ICP-MS,SIM-LAB-GH-02,pass,Field measurement
MC-00369,GHSED-017-C02,GHSED-017,Ni,93.8,mg/kg,1,0.8,ICP-OES,SIM-LAB-GH-02,pass,Field measurement
MC-00370,GHSED-017-C02,GHSED-017,Pb,39.8,mg/kg,1,0.5,ICP-MS,SIM-LAB-GH-02,pass,Field measurement
MC-00371,GHSED-017-C02,GHSED-017,Zn,145.5,mg/kg,1,1,ICP-OES,SIM-LAB-GH-02,pass,Field measurement
MC-00372,GHSED-017-C02,GHSED-017,Mn,896.8,mg/kg,1,5,ICP-OES,SIM-LAB-GH-02,pass,Field measurement
MC-00373,GHSED-017-C02,GHSED-017,Fe,35367,mg/kg,1,50,ICP-OES,SIM-LAB-GH-02,pass,Field measurement
MC-00374,GHSED-017-C02,GHSED-017,Al,60323,mg/kg,1,50,ICP-OES,SIM-LAB-GH-02,pass,Field measurement
MC-00375,GHSED-018-C01,GHSED-018,As,10.4,mg/kg,1,0.5,ICP-MS,SIM-LAB-GH-01,pass,Field measurement
MC-00376,GHSED-018-C01,GHSED-018,Cd,0.42,mg/kg,1,0.02,ICP-MS,SIM-LAB-GH-01,pass,Field measurement
MC-00377,GHSED-018-C01,GHSED-018,Cr,129,mg/kg,1,1,ICP-OES,SIM-LAB-GH-01,pass,Field measurement
MC-00378,GHSED-018-C01,GHSED-018,Cu,51.4,mg/kg,1,0.5,ICP-OES,SIM-LAB-GH-01,pass,Field measurement
MC-00379,GHSED-018-C01,GHSED-018,Hg,0.211,mg/kg,1,0.005,ICP-MS,SIM-LAB-GH-01,pass,Field measurement
MC-00380,GHSED-018-C01,GHSED-018,Ni,69.9,mg/kg,1,0.8,ICP-OES,SIM-LAB-GH-01,pass,Field measurement
MC-00381,GHSED-018-C01,GHSED-018,Pb,28.2,mg/kg,1,0.5,ICP-MS,SIM-LAB-GH-01,pass,Field measurement
MC-00382,GHSED-018-C01,GHSED-018,Zn,128.7,mg/kg,1,1,ICP-OES,SIM-LAB-GH-01,pass,Field measurement
MC-00383,GHSED-018-C01,GHSED-018,Mn,642.7,mg/kg,1,5,ICP-OES,SIM-LAB-GH-01,pass,Field measurement
MC-00384,GHSED-018-C01,GHSED-018,Fe,28853,mg/kg,1,50,ICP-OES,SIM-LAB-GH-01,pass,Field measurement
MC-00385,GHSED-018-C01,GHSED-018,Al,72368,mg/kg,1,50,ICP-OES,SIM-LAB-GH-01,pass,Field measurement
MC-00386,GHSED-018-C02,GHSED-018,As,14.4,mg/kg,1,0.5,ICP-MS,SIM-LAB-GH-02,pass,Field measurement
MC-00387,GHSED-018-C02,GHSED-018,Cd,0.28,mg/kg,1,0.02,ICP-MS,SIM-LAB-GH-02,pass,Field measurement
MC-00388,GHSED-018-C02,GHSED-018,Cr,120.6,mg/kg,1,1,ICP-OES,SIM-LAB-GH-02,pass,Field measurement
MC-00389,GHSED-018-C02,GHSED-018,Cu,66.7,mg/kg,1,0.5,ICP-OES,SIM-LAB-GH-02,pass,Field measurement
MC-00390,GHSED-018-C02,GHSED-018,Hg,0.094,mg/kg,1,0.005,ICP-MS,SIM-LAB-GH-02,pass,Field measurement
MC-00391,GHSED-018-C02,GHSED-018,Ni,109.8,mg/kg,1,0.8,ICP-OES,SIM-LAB-GH-02,pass,Field measurement
MC-00392,GHSED-018-C02,GHSED-018,Pb,29.1,mg/kg,1,0.5,ICP-MS,SIM-LAB-GH-02,pass,Field measurement
MC-00393,GHSED-018-C02,GHSED-018,Zn,162.6,mg/kg,1,1,ICP-OES,SIM-LAB-GH-02,pass,Field measurement
MC-00394,GHSED-018-C02,GHSED-018,Mn,795.5,mg/kg,1,5,ICP-OES,SIM-LAB-GH-02,pass,Field measurement
MC-00395,GHSED-018-C02,GHSED-018,Fe,47386,mg/kg,1,50,ICP-OES,SIM-LAB-GH-02,pass,Field measurement
MC-00396,GHSED-018-C02,GHSED-018,Al,94173,mg/kg,1,50,ICP-OES,SIM-LAB-GH-02,pass,Field measurement
MC-00397,GHSED-019-C01,GHSED-019,As,12.4,mg/kg,1,0.5,ICP-MS,SIM-LAB-GH-01,pass,Field measurement
MC-00398,GHSED-019-C01,GHSED-019,Cd,0.53,mg/kg,1,0.02,ICP-MS,SIM-LAB-GH-01,pass,Field measurement
MC-00399,GHSED-019-C01,GHSED-019,Cr,134.5,mg/kg,1,1,ICP-OES,SIM-LAB-GH-01,pass,Field measurement
MC-00400,GHSED-019-C01,GHSED-019,Cu,98.9,mg/kg,1,0.5,ICP-OES,SIM-LAB-GH-01,pass,Field measurement
MC-00401,GHSED-019-C01,GHSED-019,Hg,0.101,mg/kg,1,0.005,ICP-MS,SIM-LAB-GH-01,pass,Field measurement
MC-00402,GHSED-019-C01,GHSED-019,Ni,82.9,mg/kg,1,0.8,ICP-OES,SIM-LAB-GH-01,pass,Field measurement
MC-00403,GHSED-019-C01,GHSED-019,Pb,53.9,mg/kg,1,0.5,ICP-MS,SIM-LAB-GH-01,pass,Field measurement
MC-00404,GHSED-019-C01,GHSED-019,Zn,197.5,mg/kg,1,1,ICP-OES,SIM-LAB-GH-01,pass,Field measurement
MC-00405,GHSED-019-C01,GHSED-019,Mn,684.8,mg/kg,1,5,ICP-OES,SIM-LAB-GH-01,pass,Field measurement
MC-00406,GHSED-019-C01,GHSED-019,Fe,31205,mg/kg,1,50,ICP-OES,SIM-LAB-GH-01,pass,Field measurement
MC-00407,GHSED-019-C01,GHSED-019,Al,51012,mg/kg,1,50,ICP-OES,SIM-LAB-GH-01,pass,Field measurement
MC-00408,GHSED-019-C02,GHSED-019,As,15,mg/kg,1,0.5,ICP-MS,SIM-LAB-GH-02,pass,Field measurement
MC-00409,GHSED-019-C02,GHSED-019,Cd,0.58,mg/kg,1,0.02,ICP-MS,SIM-LAB-GH-02,pass,Field measurement
MC-00410,GHSED-019-C02,GHSED-019,Cr,125.9,mg/kg,1,1,ICP-OES,SIM-LAB-GH-02,pass,Field measurement
MC-00411,GHSED-019-C02,GHSED-019,Cu,82.2,mg/kg,1,0.5,ICP-OES,SIM-LAB-GH-02,pass,Field measurement
MC-00412,GHSED-019-C02,GHSED-019,Hg,0.103,mg/kg,1,0.005,ICP-MS,SIM-LAB-GH-02,pass,Field measurement
MC-00413,GHSED-019-C02,GHSED-019,Ni,77.2,mg/kg,1,0.8,ICP-OES,SIM-LAB-GH-02,pass,Field measurement
MC-00414,GHSED-019-C02,GHSED-019,Pb,36,mg/kg,1,0.5,ICP-MS,SIM-LAB-GH-02,pass,Field measurement
MC-00415,GHSED-019-C02,GHSED-019,Zn,181,mg/kg,1,1,ICP-OES,SIM-LAB-GH-02,pass,Field measurement
MC-00416,GHSED-019-C02,GHSED-019,Mn,885.7,mg/kg,1,5,ICP-OES,SIM-LAB-GH-02,pass,Field measurement
MC-00417,GHSED-019-C02,GHSED-019,Fe,39904,mg/kg,1,50,ICP-OES,SIM-LAB-GH-02,pass,Field measurement
MC-00418,GHSED-019-C02,GHSED-019,Al,100516,mg/kg,1,50,ICP-OES,SIM-LAB-GH-02,pass,Field measurement
MC-00419,GHSED-020-C01,GHSED-020,As,8.4,mg/kg,1,0.5,ICP-MS,SIM-LAB-GH-01,pass,Field measurement
MC-00420,GHSED-020-C01,GHSED-020,Cd,0.41,mg/kg,1,0.02,ICP-MS,SIM-LAB-GH-01,pass,Field measurement
MC-00421,GHSED-020-C01,GHSED-020,Cr,129.5,mg/kg,1,1,ICP-OES,SIM-LAB-GH-01,pass,Field measurement
MC-00422,GHSED-020-C01,GHSED-020,Cu,53.3,mg/kg,1,0.5,ICP-OES,SIM-LAB-GH-01,pass,Field measurement
MC-00423,GHSED-020-C01,GHSED-020,Hg,0.137,mg/kg,1,0.005,ICP-MS,SIM-LAB-GH-01,pass,Field measurement
MC-00424,GHSED-020-C01,GHSED-020,Ni,68.3,mg/kg,1,0.8,ICP-OES,SIM-LAB-GH-01,pass,Field measurement
MC-00425,GHSED-020-C01,GHSED-020,Pb,28.7,mg/kg,1,0.5,ICP-MS,SIM-LAB-GH-01,pass,Field measurement
MC-00426,GHSED-020-C01,GHSED-020,Zn,129.1,mg/kg,1,1,ICP-OES,SIM-LAB-GH-01,pass,Field measurement
MC-00427,GHSED-020-C01,GHSED-020,Mn,728.3,mg/kg,1,5,ICP-OES,SIM-LAB-GH-01,pass,Field measurement
MC-00428,GHSED-020-C01,GHSED-020,Fe,25534,mg/kg,1,50,ICP-OES,SIM-LAB-GH-01,pass,Field measurement
MC-00429,GHSED-020-C01,GHSED-020,Al,61211,mg/kg,1,50,ICP-OES,SIM-LAB-GH-01,warning,Field measurement
MC-00430,GHSED-020-C02,GHSED-020,As,17,mg/kg,1,0.5,ICP-MS,SIM-LAB-GH-02,pass,Field measurement
MC-00431,GHSED-020-C02,GHSED-020,Cd,0.37,mg/kg,1,0.02,ICP-MS,SIM-LAB-GH-02,pass,Field measurement
MC-00432,GHSED-020-C02,GHSED-020,Cr,140.9,mg/kg,1,1,ICP-OES,SIM-LAB-GH-02,pass,Field measurement
MC-00433,GHSED-020-C02,GHSED-020,Cu,75.8,mg/kg,1,0.5,ICP-OES,SIM-LAB-GH-02,pass,Field measurement
MC-00434,GHSED-020-C02,GHSED-020,Hg,0.082,mg/kg,1,0.005,ICP-MS,SIM-LAB-GH-02,pass,Field measurement
MC-00435,GHSED-020-C02,GHSED-020,Ni,131.4,mg/kg,1,0.8,ICP-OES,SIM-LAB-GH-02,pass,Field measurement
MC-00436,GHSED-020-C02,GHSED-020,Pb,30,mg/kg,1,0.5,ICP-MS,SIM-LAB-GH-02,pass,Field measurement
MC-00437,GHSED-020-C02,GHSED-020,Zn,143.8,mg/kg,1,1,ICP-OES,SIM-LAB-GH-02,pass,Field measurement
MC-00438,GHSED-020-C02,GHSED-020,Mn,895,mg/kg,1,5,ICP-OES,SIM-LAB-GH-02,pass,Field measurement
MC-00439,GHSED-020-C02,GHSED-020,Fe,40679,mg/kg,1,50,ICP-OES,SIM-LAB-GH-02,pass,Field measurement
MC-00440,GHSED-020-C02,GHSED-020,Al,93189,mg/kg,1,50,ICP-OES,SIM-LAB-GH-02,pass,Field measurement
MC-00441,GHSED-021-C01,GHSED-021,As,11.4,mg/kg,1,0.5,ICP-MS,SIM-LAB-GH-01,pass,Field measurement
MC-00442,GHSED-021-C01,GHSED-021,Cd,0.57,mg/kg,1,0.02,ICP-MS,SIM-LAB-GH-01,pass,Field measurement
MC-00443,GHSED-021-C01,GHSED-021,Cr,128.3,mg/kg,1,1,ICP-OES,SIM-LAB-GH-01,pass,Field measurement
MC-00444,GHSED-021-C01,GHSED-021,Cu,63.8,mg/kg,1,0.5,ICP-OES,SIM-LAB-GH-01,pass,Field measurement
MC-00445,GHSED-021-C01,GHSED-021,Hg,0.145,mg/kg,1,0.005,ICP-MS,SIM-LAB-GH-01,pass,Field measurement
MC-00446,GHSED-021-C01,GHSED-021,Ni,78.2,mg/kg,1,0.8,ICP-OES,SIM-LAB-GH-01,pass,Field measurement
MC-00447,GHSED-021-C01,GHSED-021,Pb,23,mg/kg,1,0.5,ICP-MS,SIM-LAB-GH-01,pass,Field measurement
MC-00448,GHSED-021-C01,GHSED-021,Zn,127.7,mg/kg,1,1,ICP-OES,SIM-LAB-GH-01,pass,Field measurement
MC-00449,GHSED-021-C01,GHSED-021,Mn,790.2,mg/kg,1,5,ICP-OES,SIM-LAB-GH-01,pass,Field measurement
MC-00450,GHSED-021-C01,GHSED-021,Fe,38232,mg/kg,1,50,ICP-OES,SIM-LAB-GH-01,pass,Field measurement
MC-00451,GHSED-021-C01,GHSED-021,Al,98506,mg/kg,1,50,ICP-OES,SIM-LAB-GH-01,pass,Field measurement
MC-00452,GHSED-021-C02,GHSED-021,As,11.9,mg/kg,1,0.5,ICP-MS,SIM-LAB-GH-02,pass,Field measurement
MC-00453,GHSED-021-C02,GHSED-021,Cd,0.27,mg/kg,1,0.02,ICP-MS,SIM-LAB-GH-02,pass,Field measurement
MC-00454,GHSED-021-C02,GHSED-021,Cr,109.2,mg/kg,1,1,ICP-OES,SIM-LAB-GH-02,pass,Field measurement
MC-00455,GHSED-021-C02,GHSED-021,Cu,62.2,mg/kg,1,0.5,ICP-OES,SIM-LAB-GH-02,pass,Field measurement
MC-00456,GHSED-021-C02,GHSED-021,Hg,0.14,mg/kg,1,0.005,ICP-MS,SIM-LAB-GH-02,pass,Field measurement
MC-00457,GHSED-021-C02,GHSED-021,Ni,79.2,mg/kg,1,0.8,ICP-OES,SIM-LAB-GH-02,pass,Field measurement
MC-00458,GHSED-021-C02,GHSED-021,Pb,21.8,mg/kg,1,0.5,ICP-MS,SIM-LAB-GH-02,warning,Field measurement
MC-00459,GHSED-021-C02,GHSED-021,Zn,136.6,mg/kg,1,1,ICP-OES,SIM-LAB-GH-02,pass,Field measurement
MC-00460,GHSED-021-C02,GHSED-021,Mn,730.3,mg/kg,1,5,ICP-OES,SIM-LAB-GH-02,pass,Field measurement
MC-00461,GHSED-021-C02,GHSED-021,Fe,53541,mg/kg,1,50,ICP-OES,SIM-LAB-GH-02,pass,Field measurement
MC-00462,GHSED-021-C02,GHSED-021,Al,88346,mg/kg,1,50,ICP-OES,SIM-LAB-GH-02,pass,Field measurement
MC-00463,GHSED-022-C01,GHSED-022,As,14.6,mg/kg,1,0.5,ICP-MS,SIM-LAB-GH-01,pass,Field measurement
MC-00464,GHSED-022-C01,GHSED-022,Cd,0.46,mg/kg,1,0.02,ICP-MS,SIM-LAB-GH-01,pass,Field measurement
MC-00465,GHSED-022-C01,GHSED-022,Cr,163.4,mg/kg,1,1,ICP-OES,SIM-LAB-GH-01,pass,Field measurement
MC-00466,GHSED-022-C01,GHSED-022,Cu,65.4,mg/kg,1,0.5,ICP-OES,SIM-LAB-GH-01,pass,Field measurement
MC-00467,GHSED-022-C01,GHSED-022,Hg,0.126,mg/kg,1,0.005,ICP-MS,SIM-LAB-GH-01,pass,Field measurement
MC-00468,GHSED-022-C01,GHSED-022,Ni,94.3,mg/kg,1,0.8,ICP-OES,SIM-LAB-GH-01,warning,Field measurement
MC-00469,GHSED-022-C01,GHSED-022,Pb,39.4,mg/kg,1,0.5,ICP-MS,SIM-LAB-GH-01,pass,Field measurement
MC-00470,GHSED-022-C01,GHSED-022,Zn,151.8,mg/kg,1,1,ICP-OES,SIM-LAB-GH-01,pass,Field measurement
MC-00471,GHSED-022-C01,GHSED-022,Mn,795.5,mg/kg,1,5,ICP-OES,SIM-LAB-GH-01,pass,Field measurement
MC-00472,GHSED-022-C01,GHSED-022,Fe,41100,mg/kg,1,50,ICP-OES,SIM-LAB-GH-01,pass,Field measurement
MC-00473,GHSED-022-C01,GHSED-022,Al,72316,mg/kg,1,50,ICP-OES,SIM-LAB-GH-01,pass,Field measurement
MC-00474,GHSED-022-C02,GHSED-022,As,11.9,mg/kg,1,0.5,ICP-MS,SIM-LAB-GH-02,pass,Field measurement
MC-00475,GHSED-022-C02,GHSED-022,Cd,0.69,mg/kg,1,0.02,ICP-MS,SIM-LAB-GH-02,pass,Field measurement
MC-00476,GHSED-022-C02,GHSED-022,Cr,145,mg/kg,1,1,ICP-OES,SIM-LAB-GH-02,pass,Field measurement
MC-00477,GHSED-022-C02,GHSED-022,Cu,75.1,mg/kg,1,0.5,ICP-OES,SIM-LAB-GH-02,pass,Field measurement
MC-00478,GHSED-022-C02,GHSED-022,Hg,0.089,mg/kg,1,0.005,ICP-MS,SIM-LAB-GH-02,pass,Field measurement
MC-00479,GHSED-022-C02,GHSED-022,Ni,97.5,mg/kg,1,0.8,ICP-OES,SIM-LAB-GH-02,pass,Field measurement
MC-00480,GHSED-022-C02,GHSED-022,Pb,31.7,mg/kg,1,0.5,ICP-MS,SIM-LAB-GH-02,pass,Field measurement
MC-00481,GHSED-022-C02,GHSED-022,Zn,148.5,mg/kg,1,1,ICP-OES,SIM-LAB-GH-02,pass,Field measurement
MC-00482,GHSED-022-C02,GHSED-022,Mn,706.9,mg/kg,1,5,ICP-OES,SIM-LAB-GH-02,pass,Field measurement
MC-00483,GHSED-022-C02,GHSED-022,Fe,51303,mg/kg,1,50,ICP-OES,SIM-LAB-GH-02,pass,Field measurement
MC-00484,GHSED-022-C02,GHSED-022,Al,87308,mg/kg,1,50,ICP-OES,SIM-LAB-GH-02,pass,Field measurement
MC-00485,GHSED-023-C01,GHSED-023,As,37,mg/kg,1,0.5,ICP-MS,SIM-LAB-GH-01,pass,Field measurement
MC-00486,GHSED-023-C01,GHSED-023,Cd,0.54,mg/kg,1,0.02,ICP-MS,SIM-LAB-GH-01,pass,Field measurement
MC-00487,GHSED-023-C01,GHSED-023,Cr,102.7,mg/kg,1,1,ICP-OES,SIM-LAB-GH-01,pass,Field measurement
MC-00488,GHSED-023-C01,GHSED-023,Cu,69.3,mg/kg,1,0.5,ICP-OES,SIM-LAB-GH-01,pass,Field measurement
MC-00489,GHSED-023-C01,GHSED-023,Hg,0.393,mg/kg,1,0.005,ICP-MS,SIM-LAB-GH-01,pass,Field measurement
MC-00490,GHSED-023-C01,GHSED-023,Ni,65.8,mg/kg,1,0.8,ICP-OES,SIM-LAB-GH-01,pass,Field measurement
MC-00491,GHSED-023-C01,GHSED-023,Pb,34.4,mg/kg,1,0.5,ICP-MS,SIM-LAB-GH-01,pass,Field measurement
MC-00492,GHSED-023-C01,GHSED-023,Zn,136.5,mg/kg,1,1,ICP-OES,SIM-LAB-GH-01,pass,Field measurement
MC-00493,GHSED-023-C01,GHSED-023,Mn,702.9,mg/kg,1,5,ICP-OES,SIM-LAB-GH-01,pass,Field measurement
MC-00494,GHSED-023-C01,GHSED-023,Fe,47346,mg/kg,1,50,ICP-OES,SIM-LAB-GH-01,pass,Field measurement
MC-00495,GHSED-023-C01,GHSED-023,Al,58789,mg/kg,1,50,ICP-OES,SIM-LAB-GH-01,pass,Field measurement
MC-00496,GHSED-023-C02,GHSED-023,As,50.8,mg/kg,1,0.5,ICP-MS,SIM-LAB-GH-02,pass,Field measurement
MC-00497,GHSED-023-C02,GHSED-023,Cd,0.77,mg/kg,1,0.02,ICP-MS,SIM-LAB-GH-02,pass,Field measurement
MC-00498,GHSED-023-C02,GHSED-023,Cr,128.2,mg/kg,1,1,ICP-OES,SIM-LAB-GH-02,pass,Field measurement
MC-00499,GHSED-023-C02,GHSED-023,Cu,96,mg/kg,1,0.5,ICP-OES,SIM-LAB-GH-02,pass,Field measurement
MC-00500,GHSED-023-C02,GHSED-023,Hg,0.593,mg/kg,1,0.005,ICP-MS,SIM-LAB-GH-02,pass,Field measurement
MC-00501,GHSED-023-C02,GHSED-023,Ni,80.3,mg/kg,1,0.8,ICP-OES,SIM-LAB-GH-02,pass,Field measurement
MC-00502,GHSED-023-C02,GHSED-023,Pb,34.1,mg/kg,1,0.5,ICP-MS,SIM-LAB-GH-02,pass,Field measurement
MC-00503,GHSED-023-C02,GHSED-023,Zn,142.5,mg/kg,1,1,ICP-OES,SIM-LAB-GH-02,pass,Field measurement
MC-00504,GHSED-023-C02,GHSED-023,Mn,1006,mg/kg,1,5,ICP-OES,SIM-LAB-GH-02,pass,Field measurement
MC-00505,GHSED-023-C02,GHSED-023,Fe,40824,mg/kg,1,50,ICP-OES,SIM-LAB-GH-02,pass,Field measurement
MC-00506,GHSED-023-C02,GHSED-023,Al,51900,mg/kg,1,50,ICP-OES,SIM-LAB-GH-02,pass,Field measurement
MC-00507,GHSED-024-C01,GHSED-024,As,10.2,mg/kg,1,0.5,ICP-MS,SIM-LAB-GH-01,pass,Field measurement
MC-00508,GHSED-024-C01,GHSED-024,Cd,0.47,mg/kg,1,0.02,ICP-MS,SIM-LAB-GH-01,pass,Field measurement
MC-00509,GHSED-024-C01,GHSED-024,Cr,153.7,mg/kg,1,1,ICP-OES,SIM-LAB-GH-01,pass,Field measurement
MC-00510,GHSED-024-C01,GHSED-024,Cu,87.8,mg/kg,1,0.5,ICP-OES,SIM-LAB-GH-01,pass,Field measurement
MC-00511,GHSED-024-C01,GHSED-024,Hg,0.077,mg/kg,1,0.005,ICP-MS,SIM-LAB-GH-01,pass,Field measurement
MC-00512,GHSED-024-C01,GHSED-024,Ni,75.1,mg/kg,1,0.8,ICP-OES,SIM-LAB-GH-01,pass,Field measurement
MC-00513,GHSED-024-C01,GHSED-024,Pb,37.3,mg/kg,1,0.5,ICP-MS,SIM-LAB-GH-01,pass,Field measurement
MC-00514,GHSED-024-C01,GHSED-024,Zn,132.8,mg/kg,1,1,ICP-OES,SIM-LAB-GH-01,warning,Field measurement
MC-00515,GHSED-024-C01,GHSED-024,Mn,988.3,mg/kg,1,5,ICP-OES,SIM-LAB-GH-01,pass,Field measurement
MC-00516,GHSED-024-C01,GHSED-024,Fe,33949,mg/kg,1,50,ICP-OES,SIM-LAB-GH-01,pass,Field measurement
MC-00517,GHSED-024-C01,GHSED-024,Al,69492,mg/kg,1,50,ICP-OES,SIM-LAB-GH-01,pass,Field measurement
MC-00518,GHSED-024-C02,GHSED-024,As,10.7,mg/kg,1,0.5,ICP-MS,SIM-LAB-GH-02,warning,Field measurement
MC-00519,GHSED-024-C02,GHSED-024,Cd,0.66,mg/kg,1,0.02,ICP-MS,SIM-LAB-GH-02,pass,Field measurement
MC-00520,GHSED-024-C02,GHSED-024,Cr,112.2,mg/kg,1,1,ICP-OES,SIM-LAB-GH-02,pass,Field measurement
MC-00521,GHSED-024-C02,GHSED-024,Cu,76,mg/kg,1,0.5,ICP-OES,SIM-LAB-GH-02,pass,Field measurement
MC-00522,GHSED-024-C02,GHSED-024,Hg,0.113,mg/kg,1,0.005,ICP-MS,SIM-LAB-GH-02,pass,Field measurement
MC-00523,GHSED-024-C02,GHSED-024,Ni,81.3,mg/kg,1,0.8,ICP-OES,SIM-LAB-GH-02,pass,Field measurement
MC-00524,GHSED-024-C02,GHSED-024,Pb,39.5,mg/kg,1,0.5,ICP-MS,SIM-LAB-GH-02,pass,Field measurement
MC-00525,GHSED-024-C02,GHSED-024,Zn,181.5,mg/kg,1,1,ICP-OES,SIM-LAB-GH-02,pass,Field measurement
MC-00526,GHSED-024-C02,GHSED-024,Mn,663.2,mg/kg,1,5,ICP-OES,SIM-LAB-GH-02,pass,Field measurement
MC-00527,GHSED-024-C02,GHSED-024,Fe,47156,mg/kg,1,50,ICP-OES,SIM-LAB-GH-02,pass,Field measurement
MC-00528,GHSED-024-C02,GHSED-024,Al,94054,mg/kg,1,50,ICP-OES,SIM-LAB-GH-02,pass,Field measurement
MC-00529,GHSED-025-C01,GHSED-025,As,20.3,mg/kg,1,0.5,ICP-MS,SIM-LAB-GH-01,pass,Field measurement
MC-00530,GHSED-025-C01,GHSED-025,Cd,0.53,mg/kg,1,0.02,ICP-MS,SIM-LAB-GH-01,pass,Field measurement
MC-00531,GHSED-025-C01,GHSED-025,Cr,128.9,mg/kg,1,1,ICP-OES,SIM-LAB-GH-01,pass,Field measurement
MC-00532,GHSED-025-C01,GHSED-025,Cu,80.5,mg/kg,1,0.5,ICP-OES,SIM-LAB-GH-01,pass,Field measurement
MC-00533,GHSED-025-C01,GHSED-025,Hg,0.204,mg/kg,1,0.005,ICP-MS,SIM-LAB-GH-01,pass,Field measurement
MC-00534,GHSED-025-C01,GHSED-025,Ni,76.8,mg/kg,1,0.8,ICP-OES,SIM-LAB-GH-01,pass,Field measurement
MC-00535,GHSED-025-C01,GHSED-025,Pb,37,mg/kg,1,0.5,ICP-MS,SIM-LAB-GH-01,warning,Field measurement
MC-00536,GHSED-025-C01,GHSED-025,Zn,219.5,mg/kg,1,1,ICP-OES,SIM-LAB-GH-01,pass,Field measurement
MC-00537,GHSED-025-C01,GHSED-025,Mn,789.5,mg/kg,1,5,ICP-OES,SIM-LAB-GH-01,pass,Field measurement
MC-00538,GHSED-025-C01,GHSED-025,Fe,43581,mg/kg,1,50,ICP-OES,SIM-LAB-GH-01,pass,Field measurement
MC-00539,GHSED-025-C01,GHSED-025,Al,94298,mg/kg,1,50,ICP-OES,SIM-LAB-GH-01,pass,Field measurement
MC-00540,GHSED-025-C02,GHSED-025,As,24.5,mg/kg,1,0.5,ICP-MS,SIM-LAB-GH-02,pass,Field measurement
MC-00541,GHSED-025-C02,GHSED-025,Cd,0.66,mg/kg,1,0.02,ICP-MS,SIM-LAB-GH-02,pass,Field measurement
MC-00542,GHSED-025-C02,GHSED-025,Cr,116,mg/kg,1,1,ICP-OES,SIM-LAB-GH-02,pass,Field measurement
MC-00543,GHSED-025-C02,GHSED-025,Cu,125.3,mg/kg,1,0.5,ICP-OES,SIM-LAB-GH-02,pass,Field measurement
MC-00544,GHSED-025-C02,GHSED-025,Hg,0.298,mg/kg,1,0.005,ICP-MS,SIM-LAB-GH-02,warning,Field measurement
MC-00545,GHSED-025-C02,GHSED-025,Ni,129.6,mg/kg,1,0.8,ICP-OES,SIM-LAB-GH-02,pass,Field measurement
MC-00546,GHSED-025-C02,GHSED-025,Pb,40.8,mg/kg,1,0.5,ICP-MS,SIM-LAB-GH-02,pass,Field measurement
MC-00547,GHSED-025-C02,GHSED-025,Zn,199.1,mg/kg,1,1,ICP-OES,SIM-LAB-GH-02,pass,Field measurement
MC-00548,GHSED-025-C02,GHSED-025,Mn,710.8,mg/kg,1,5,ICP-OES,SIM-LAB-GH-02,warning,Field measurement
MC-00549,GHSED-025-C02,GHSED-025,Fe,37977,mg/kg,1,50,ICP-OES,SIM-LAB-GH-02,pass,Field measurement
MC-00550,GHSED-025-C02,GHSED-025,Al,100982,mg/kg,1,50,ICP-OES,SIM-LAB-GH-02,pass,Field measurement
MC-00551,GHSED-026-C01,GHSED-026,As,13.9,mg/kg,1,0.5,ICP-MS,SIM-LAB-GH-01,pass,Field measurement
MC-00552,GHSED-026-C01,GHSED-026,Cd,0.68,mg/kg,1,0.02,ICP-MS,SIM-LAB-GH-01,pass,Field measurement
MC-00553,GHSED-026-C01,GHSED-026,Cr,117.3,mg/kg,1,1,ICP-OES,SIM-LAB-GH-01,pass,Field measurement
MC-00554,GHSED-026-C01,GHSED-026,Cu,106.7,mg/kg,1,0.5,ICP-OES,SIM-LAB-GH-01,pass,Field measurement
MC-00555,GHSED-026-C01,GHSED-026,Hg,0.116,mg/kg,1,0.005,ICP-MS,SIM-LAB-GH-01,pass,Field measurement
MC-00556,GHSED-026-C01,GHSED-026,Ni,107.2,mg/kg,1,0.8,ICP-OES,SIM-LAB-GH-01,pass,Field measurement
MC-00557,GHSED-026-C01,GHSED-026,Pb,74.5,mg/kg,1,0.5,ICP-MS,SIM-LAB-GH-01,pass,Field measurement
MC-00558,GHSED-026-C01,GHSED-026,Zn,316,mg/kg,1,1,ICP-OES,SIM-LAB-GH-01,pass,Field measurement
MC-00559,GHSED-026-C01,GHSED-026,Mn,725.6,mg/kg,1,5,ICP-OES,SIM-LAB-GH-01,pass,Field measurement
MC-00560,GHSED-026-C01,GHSED-026,Fe,29545,mg/kg,1,50,ICP-OES,SIM-LAB-GH-01,pass,Field measurement
MC-00561,GHSED-026-C01,GHSED-026,Al,76343,mg/kg,1,50,ICP-OES,SIM-LAB-GH-01,pass,Field measurement
MC-00562,GHSED-026-C02,GHSED-026,As,15.4,mg/kg,1,0.5,ICP-MS,SIM-LAB-GH-02,pass,Field measurement
MC-00563,GHSED-026-C02,GHSED-026,Cd,0.71,mg/kg,1,0.02,ICP-MS,SIM-LAB-GH-02,pass,Field measurement
MC-00564,GHSED-026-C02,GHSED-026,Cr,137.5,mg/kg,1,1,ICP-OES,SIM-LAB-GH-02,pass,Field measurement
MC-00565,GHSED-026-C02,GHSED-026,Cu,128.8,mg/kg,1,0.5,ICP-OES,SIM-LAB-GH-02,pass,Field measurement
MC-00566,GHSED-026-C02,GHSED-026,Hg,0.096,mg/kg,1,0.005,ICP-MS,SIM-LAB-GH-02,pass,Field measurement
MC-00567,GHSED-026-C02,GHSED-026,Ni,83.1,mg/kg,1,0.8,ICP-OES,SIM-LAB-GH-02,pass,Field measurement
MC-00568,GHSED-026-C02,GHSED-026,Pb,63.7,mg/kg,1,0.5,ICP-MS,SIM-LAB-GH-02,pass,Field measurement
MC-00569,GHSED-026-C02,GHSED-026,Zn,282.5,mg/kg,1,1,ICP-OES,SIM-LAB-GH-02,pass,Field measurement
MC-00570,GHSED-026-C02,GHSED-026,Mn,765.3,mg/kg,1,5,ICP-OES,SIM-LAB-GH-02,pass,Field measurement
MC-00571,GHSED-026-C02,GHSED-026,Fe,41015,mg/kg,1,50,ICP-OES,SIM-LAB-GH-02,pass,Field measurement
MC-00572,GHSED-026-C02,GHSED-026,Al,87286,mg/kg,1,50,ICP-OES,SIM-LAB-GH-02,pass,Field measurement
MC-00573,GHSED-027-C01,GHSED-027,As,10.9,mg/kg,1,0.5,ICP-MS,SIM-LAB-GH-01,pass,Field measurement
MC-00574,GHSED-027-C01,GHSED-027,Cd,0.62,mg/kg,1,0.02,ICP-MS,SIM-LAB-GH-01,pass,Field measurement
MC-00575,GHSED-027-C01,GHSED-027,Cr,158.6,mg/kg,1,1,ICP-OES,SIM-LAB-GH-01,pass,Field measurement
MC-00576,GHSED-027-C01,GHSED-027,Cu,83.9,mg/kg,1,0.5,ICP-OES,SIM-LAB-GH-01,pass,Field measurement
MC-00577,GHSED-027-C01,GHSED-027,Hg,0.088,mg/kg,1,0.005,ICP-MS,SIM-LAB-GH-01,pass,Field measurement
MC-00578,GHSED-027-C01,GHSED-027,Ni,84.4,mg/kg,1,0.8,ICP-OES,SIM-LAB-GH-01,pass,Field measurement
MC-00579,GHSED-027-C01,GHSED-027,Pb,39.7,mg/kg,1,0.5,ICP-MS,SIM-LAB-GH-01,pass,Field measurement
MC-00580,GHSED-027-C01,GHSED-027,Zn,146,mg/kg,1,1,ICP-OES,SIM-LAB-GH-01,pass,Field measurement
MC-00581,GHSED-027-C01,GHSED-027,Mn,673.8,mg/kg,1,5,ICP-OES,SIM-LAB-GH-01,pass,Field measurement
MC-00582,GHSED-027-C01,GHSED-027,Fe,45309,mg/kg,1,50,ICP-OES,SIM-LAB-GH-01,pass,Field measurement
MC-00583,GHSED-027-C01,GHSED-027,Al,94751,mg/kg,1,50,ICP-OES,SIM-LAB-GH-01,pass,Field measurement
MC-00584,GHSED-027-C02,GHSED-027,As,15.4,mg/kg,1,0.5,ICP-MS,SIM-LAB-GH-02,pass,Field measurement
MC-00585,GHSED-027-C02,GHSED-027,Cd,0.46,mg/kg,1,0.02,ICP-MS,SIM-LAB-GH-02,pass,Field measurement
MC-00586,GHSED-027-C02,GHSED-027,Cr,128.6,mg/kg,1,1,ICP-OES,SIM-LAB-GH-02,pass,Field measurement
MC-00587,GHSED-027-C02,GHSED-027,Cu,65.2,mg/kg,1,0.5,ICP-OES,SIM-LAB-GH-02,pass,Field measurement
MC-00588,GHSED-027-C02,GHSED-027,Hg,0.134,mg/kg,1,0.005,ICP-MS,SIM-LAB-GH-02,pass,Field measurement
MC-00589,GHSED-027-C02,GHSED-027,Ni,88.9,mg/kg,1,0.8,ICP-OES,SIM-LAB-GH-02,pass,Field measurement
MC-00590,GHSED-027-C02,GHSED-027,Pb,43.9,mg/kg,1,0.5,ICP-MS,SIM-LAB-GH-02,pass,Field measurement
MC-00591,GHSED-027-C02,GHSED-027,Zn,185.5,mg/kg,1,1,ICP-OES,SIM-LAB-GH-02,pass,Field measurement
MC-00592,GHSED-027-C02,GHSED-027,Mn,629.5,mg/kg,1,5,ICP-OES,SIM-LAB-GH-02,pass,Field measurement
MC-00593,GHSED-027-C02,GHSED-027,Fe,39244,mg/kg,1,50,ICP-OES,SIM-LAB-GH-02,pass,Field measurement
MC-00594,GHSED-027-C02,GHSED-027,Al,69245,mg/kg,1,50,ICP-OES,SIM-LAB-GH-02,pass,Field measurement
MC-00595,GHSED-028-C01,GHSED-028,As,15.9,mg/kg,1,0.5,ICP-MS,SIM-LAB-GH-01,pass,Field measurement
MC-00596,GHSED-028-C01,GHSED-028,Cd,0.49,mg/kg,1,0.02,ICP-MS,SIM-LAB-GH-01,pass,Field measurement
MC-00597,GHSED-028-C01,GHSED-028,Cr,142.9,mg/kg,1,1,ICP-OES,SIM-LAB-GH-01,pass,Field measurement
MC-00598,GHSED-028-C01,GHSED-028,Cu,105.2,mg/kg,1,0.5,ICP-OES,SIM-LAB-GH-01,pass,Field measurement
MC-00599,GHSED-028-C01,GHSED-028,Hg,0.093,mg/kg,1,0.005,ICP-MS,SIM-LAB-GH-01,pass,Field measurement
MC-00600,GHSED-028-C01,GHSED-028,Ni,104.3,mg/kg,1,0.8,ICP-OES,SIM-LAB-GH-01,pass,Field measurement
MC-00601,GHSED-028-C01,GHSED-028,Pb,39.2,mg/kg,1,0.5,ICP-MS,SIM-LAB-GH-01,pass,Field measurement
MC-00602,GHSED-028-C01,GHSED-028,Zn,269.7,mg/kg,1,1,ICP-OES,SIM-LAB-GH-01,pass,Field measurement
MC-00603,GHSED-028-C01,GHSED-028,Mn,853.8,mg/kg,1,5,ICP-OES,SIM-LAB-GH-01,pass,Field measurement
MC-00604,GHSED-028-C01,GHSED-028,Fe,31255,mg/kg,1,50,ICP-OES,SIM-LAB-GH-01,pass,Field measurement
MC-00605,GHSED-028-C01,GHSED-028,Al,64939,mg/kg,1,50,ICP-OES,SIM-LAB-GH-01,pass,Field measurement
MC-00606,GHSED-028-C02,GHSED-028,As,11.5,mg/kg,1,0.5,ICP-MS,SIM-LAB-GH-02,pass,Field measurement
MC-00607,GHSED-028-C02,GHSED-028,Cd,0.72,mg/kg,1,0.02,ICP-MS,SIM-LAB-GH-02,pass,Field measurement
MC-00608,GHSED-028-C02,GHSED-028,Cr,155.5,mg/kg,1,1,ICP-OES,SIM-LAB-GH-02,pass,Field measurement
MC-00609,GHSED-028-C02,GHSED-028,Cu,102.6,mg/kg,1,0.5,ICP-OES,SIM-LAB-GH-02,pass,Field measurement
MC-00610,GHSED-028-C02,GHSED-028,Hg,0.142,mg/kg,1,0.005,ICP-MS,SIM-LAB-GH-02,pass,Field measurement
MC-00611,GHSED-028-C02,GHSED-028,Ni,122.7,mg/kg,1,0.8,ICP-OES,SIM-LAB-GH-02,pass,Field measurement
MC-00612,GHSED-028-C02,GHSED-028,Pb,61,mg/kg,1,0.5,ICP-MS,SIM-LAB-GH-02,pass,Field measurement
MC-00613,GHSED-028-C02,GHSED-028,Zn,275,mg/kg,1,1,ICP-OES,SIM-LAB-GH-02,pass,Field measurement
MC-00614,GHSED-028-C02,GHSED-028,Mn,842.2,mg/kg,1,5,ICP-OES,SIM-LAB-GH-02,pass,Field measurement
MC-00615,GHSED-028-C02,GHSED-028,Fe,39712,mg/kg,1,50,ICP-OES,SIM-LAB-GH-02,pass,Field measurement
MC-00616,GHSED-028-C02,GHSED-028,Al,83017,mg/kg,1,50,ICP-OES,SIM-LAB-GH-02,pass,Field measurement
MC-00617,GHSED-029-C01,GHSED-029,As,12.7,mg/kg,1,0.5,ICP-MS,SIM-LAB-GH-01,pass,Field measurement
MC-00618,GHSED-029-C01,GHSED-029,Cd,0.4,mg/kg,1,0.02,ICP-MS,SIM-LAB-GH-01,pass,Field measurement
MC-00619,GHSED-029-C01,GHSED-029,Cr,112.9,mg/kg,1,1,ICP-OES,SIM-LAB-GH-01,pass,Field measurement
MC-00620,GHSED-029-C01,GHSED-029,Cu,51.4,mg/kg,1,0.5,ICP-OES,SIM-LAB-GH-01,pass,Field measurement
MC-00621,GHSED-029-C01,GHSED-029,Hg,0.117,mg/kg,1,0.005,ICP-MS,SIM-LAB-GH-01,pass,Field measurement
MC-00622,GHSED-029-C01,GHSED-029,Ni,72,mg/kg,1,0.8,ICP-OES,SIM-LAB-GH-01,pass,Field measurement
MC-00623,GHSED-029-C01,GHSED-029,Pb,26.7,mg/kg,1,0.5,ICP-MS,SIM-LAB-GH-01,pass,Field measurement
MC-00624,GHSED-029-C01,GHSED-029,Zn,106.6,mg/kg,1,1,ICP-OES,SIM-LAB-GH-01,pass,Field measurement
MC-00625,GHSED-029-C01,GHSED-029,Mn,1201.6,mg/kg,1,5,ICP-OES,SIM-LAB-GH-01,pass,Field measurement
MC-00626,GHSED-029-C01,GHSED-029,Fe,33845,mg/kg,1,50,ICP-OES,SIM-LAB-GH-01,pass,Field measurement
MC-00627,GHSED-029-C01,GHSED-029,Al,63759,mg/kg,1,50,ICP-OES,SIM-LAB-GH-01,pass,Field measurement
MC-00628,GHSED-029-C02,GHSED-029,As,15.2,mg/kg,1,0.5,ICP-MS,SIM-LAB-GH-02,pass,Field measurement
MC-00629,GHSED-029-C02,GHSED-029,Cd,0.51,mg/kg,1,0.02,ICP-MS,SIM-LAB-GH-02,pass,Field measurement
MC-00630,GHSED-029-C02,GHSED-029,Cr,118.3,mg/kg,1,1,ICP-OES,SIM-LAB-GH-02,pass,Field measurement
MC-00631,GHSED-029-C02,GHSED-029,Cu,71.1,mg/kg,1,0.5,ICP-OES,SIM-LAB-GH-02,pass,Field measurement
MC-00632,GHSED-029-C02,GHSED-029,Hg,0.104,mg/kg,1,0.005,ICP-MS,SIM-LAB-GH-02,pass,Field measurement
MC-00633,GHSED-029-C02,GHSED-029,Ni,100,mg/kg,1,0.8,ICP-OES,SIM-LAB-GH-02,pass,Field measurement
MC-00634,GHSED-029-C02,GHSED-029,Pb,24.3,mg/kg,1,0.5,ICP-MS,SIM-LAB-GH-02,pass,Field measurement
MC-00635,GHSED-029-C02,GHSED-029,Zn,146.7,mg/kg,1,1,ICP-OES,SIM-LAB-GH-02,pass,Field measurement
MC-00636,GHSED-029-C02,GHSED-029,Mn,797.3,mg/kg,1,5,ICP-OES,SIM-LAB-GH-02,pass,Field measurement
MC-00637,GHSED-029-C02,GHSED-029,Fe,43813,mg/kg,1,50,ICP-OES,SIM-LAB-GH-02,pass,Field measurement
MC-00638,GHSED-029-C02,GHSED-029,Al,94539,mg/kg,1,50,ICP-OES,SIM-LAB-GH-02,warning,Field measurement
MC-00639,GHSED-030-C01,GHSED-030,As,35.2,mg/kg,1,0.5,ICP-MS,SIM-LAB-GH-01,pass,Field measurement
MC-00640,GHSED-030-C01,GHSED-030,Cd,0.62,mg/kg,1,0.02,ICP-MS,SIM-LAB-GH-01,pass,Field measurement
MC-00641,GHSED-030-C01,GHSED-030,Cr,114.4,mg/kg,1,1,ICP-OES,SIM-LAB-GH-01,pass,Field measurement
MC-00642,GHSED-030-C01,GHSED-030,Cu,63,mg/kg,1,0.5,ICP-OES,SIM-LAB-GH-01,pass,Field measurement
MC-00643,GHSED-030-C01,GHSED-030,Hg,0.241,mg/kg,1,0.005,ICP-MS,SIM-LAB-GH-01,pass,Field measurement
MC-00644,GHSED-030-C01,GHSED-030,Ni,67.9,mg/kg,1,0.8,ICP-OES,SIM-LAB-GH-01,pass,Field measurement
MC-00645,GHSED-030-C01,GHSED-030,Pb,31.7,mg/kg,1,0.5,ICP-MS,SIM-LAB-GH-01,pass,Field measurement
MC-00646,GHSED-030-C01,GHSED-030,Zn,104.4,mg/kg,1,1,ICP-OES,SIM-LAB-GH-01,pass,Field measurement
MC-00647,GHSED-030-C01,GHSED-030,Mn,770,mg/kg,1,5,ICP-OES,SIM-LAB-GH-01,pass,Field measurement
MC-00648,GHSED-030-C01,GHSED-030,Fe,40304,mg/kg,1,50,ICP-OES,SIM-LAB-GH-01,pass,Field measurement
MC-00649,GHSED-030-C01,GHSED-030,Al,80900,mg/kg,1,50,ICP-OES,SIM-LAB-GH-01,pass,Field measurement
MC-00650,GHSED-030-C02,GHSED-030,As,26.7,mg/kg,1,0.5,ICP-MS,SIM-LAB-GH-02,pass,Field measurement
MC-00651,GHSED-030-C02,GHSED-030,Cd,0.7,mg/kg,1,0.02,ICP-MS,SIM-LAB-GH-02,pass,Field measurement
MC-00652,GHSED-030-C02,GHSED-030,Cr,138.1,mg/kg,1,1,ICP-OES,SIM-LAB-GH-02,pass,Field measurement
MC-00653,GHSED-030-C02,GHSED-030,Cu,51.6,mg/kg,1,0.5,ICP-OES,SIM-LAB-GH-02,pass,Field measurement
MC-00654,GHSED-030-C02,GHSED-030,Hg,0.395,mg/kg,1,0.005,ICP-MS,SIM-LAB-GH-02,pass,Field measurement
MC-00655,GHSED-030-C02,GHSED-030,Ni,110.3,mg/kg,1,0.8,ICP-OES,SIM-LAB-GH-02,warning,Field measurement
MC-00656,GHSED-030-C02,GHSED-030,Pb,26.9,mg/kg,1,0.5,ICP-MS,SIM-LAB-GH-02,pass,Field measurement
MC-00657,GHSED-030-C02,GHSED-030,Zn,140.6,mg/kg,1,1,ICP-OES,SIM-LAB-GH-02,pass,Field measurement
MC-00658,GHSED-030-C02,GHSED-030,Mn,923.2,mg/kg,1,5,ICP-OES,SIM-LAB-GH-02,pass,Field measurement
MC-00659,GHSED-030-C02,GHSED-030,Fe,43731,mg/kg,1,50,ICP-OES,SIM-LAB-GH-02,pass,Field measurement
MC-00660,GHSED-030-C02,GHSED-030,Al,93062,mg/kg,1,50,ICP-OES,SIM-LAB-GH-02,pass,Field measurement
